/*
SQLyog 企业版 - MySQL GUI v8.14 
MySQL - 5.5.5-10.3.11-MariaDB : Database - c2csystemdb
*********************************************************************
*/


/*!40101 SET NAMES utf8 */;

/*!40101 SET SQL_MODE=''*/;

/*!40014 SET @OLD_UNIQUE_CHECKS=@@UNIQUE_CHECKS, UNIQUE_CHECKS=0 */;
/*!40014 SET @OLD_FOREIGN_KEY_CHECKS=@@FOREIGN_KEY_CHECKS, FOREIGN_KEY_CHECKS=0 */;
/*!40101 SET @OLD_SQL_MODE=@@SQL_MODE, SQL_MODE='NO_AUTO_VALUE_ON_ZERO' */;
/*!40111 SET @OLD_SQL_NOTES=@@SQL_NOTES, SQL_NOTES=0 */;
CREATE DATABASE /*!32312 IF NOT EXISTS*/`c2csystemdb` /*!40100 DEFAULT CHARACTER SET utf8 */;

USE `c2csystemdb`;

/*Table structure for table `index_book` */

DROP TABLE IF EXISTS `index_book`;

CREATE TABLE `index_book` (
  `id` bigint(20) NOT NULL,
  `name` varchar(40) DEFAULT NULL,
  `level` varchar(20) DEFAULT NULL,
  `time` int(11) DEFAULT NULL,
  `book_img` varchar(200) DEFAULT NULL,
  `direction` varchar(200) DEFAULT NULL,
  `teacher` varchar(40) DEFAULT NULL,
  `price` int(11) DEFAULT NULL,
  `student_num` int(11) DEFAULT NULL,
  `rate` int(11) DEFAULT NULL,
  `knowledge_point_num` int(11) DEFAULT NULL,
  `status` int(11) DEFAULT NULL COMMENT '1 入门课程 2最新课程 3免费课程 推荐课程',
  PRIMARY KEY (`id`)
) ENGINE=InnoDB DEFAULT CHARSET=utf8;

/*Data for the table `index_book` */

insert  into `index_book`(`id`,`name`,`level`,`time`,`book_img`,`direction`,`teacher`,`price`,`student_num`,`rate`,`knowledge_point_num`,`status`) values (10129,'Android开发环境搭建','初级',4,'http://www.t.com/script/tu/Android/Android 入门/Android开发环境搭建.jpg','Android','成恒',0,18992,3,6,3),(10354,'基本正则表达式','中级',6,'http://www.t.com/script/tu/Java/Java 常用API/基本正则表达式.jpg','Java','张东',0,18041,3,6,3),(10579,'Unity地形环境搭建及实景漫游','初级',3,'http://www.t.com/script/tu/U3D/Unity组件/Unity地形环境搭建及实景漫游.jpg','Unity3D','张晓彤',10,7255,3,6,4),(10612,'LoadRunner入门','初级',4,'http://www.t.com/script/tu/软件测试/LoadRunner入门/LoadRunner入门.jpg','软件测试','卢剑宇',0,11538,3,4,3),(10616,'Sphinx全文检索','中级',3,'http://www.t.com/script/tu/PHP/PHP高级应用/Sphinx全文检索.jpg','PHP','韩永霜',0,13907,3,3,3),(10622,'手机图标绘制','中级',1,'http://www.t.com/script/tu/UID/商业美术/手机图标绘制.jpg','UID','刘杨',10,15908,3,1,4),(10623,'网页扁平化图标设计','中级',1,'http://www.t.com/script/tu/UID/Web界面设计/网页扁平化图标设计.jpg','UID','刘涛',0,15903,3,1,3),(10648,'冒泡排序算法','初级',3,'http://www.t.com/script/tu/C++/数据结构和算法/冒泡排序算法.jpg','C++','马如忠',0,9430,3,3,3),(10714,'绘画构图','中级',1,'http://www.t.com/script/tu/UID/AUI美术/绘画构图.jpg','UID','刘杨',0,9696,3,3,3),(10716,'完美解读网站原型','初级',3,'http://www.t.com/script/tu/Web前端/Axure从入门到精通/完美解读网站原型.jpg','Web前端','邹婷',0,26319,3,3,3),(10734,'5-变量','初级',1,'http://www.t.com/script/tu/互联网大牛/达内才高-JAVASE-UNIT01/5-变量.jpg','大数据互联网+','李翊',0,8159,3,3,4),(10763,'太空大战(III)','中级',2,'http://www.t.com/script/tu/U3D/项目案例/太空大战(III).jpg','Unity3D','祁天暄',10,15706,3,3,4),(10803,'ARPG手游开发（一）','高级',2,'http://www.t.com/script/tu/U3D/项目案例/ARPG手游开发（一）.jpg','Unity3D','臧楠',0,24742,3,3,3),(10816,'CSS3制作逐帧动画','中级',1,'http://www.t.com/script/tu/UID/Web界面设计/CSS3制作逐帧动画.jpg','UID','段惠勇',10,4632,3,3,4),(10821,'中小企业如何做微博营销','初级',3,'http://www.t.com/script/tu/网络营销/微博营销/中小企业如何做微博营销.jpg','网络营销','孙建业',0,6723,3,3,3),(11045,'多区域及特殊解析','中级',2,'http://www.t.com/script/tu/Linux云计算/DNS域名系统/多区域及特殊解析.jpg','Linux云计算','曾晔',10,4146,3,3,4),(11189,'STM32F4启动与复位','初级',4,'http://www.t.com/script/tu/嵌入式/智能硬件基础/STM32F4启动与复位.jpg','嵌入式','李辉',0,1602,3,3,2),(11190,'ARM MDK工程','初级',4,'http://www.t.com/script/tu/嵌入式/智能硬件基础/ARM MDK工程.jpg','嵌入式','李辉',0,3322,3,3,2),(11191,'IO控制之寄存器','初级',4,'http://www.t.com/script/tu/嵌入式/智能硬件基础/IO控制之寄存器.jpg','嵌入式','李辉',0,2692,3,3,2),(11192,'STM32F4 标准外设库应用','初级',4,'http://www.t.com/script/tu/嵌入式/智能硬件基础/STM32F4 标准外设库应用.jpg','嵌入式','李辉',0,1215,3,3,2),(11193,'STM32F4中断','初级',4,'http://www.t.com/script/tu/嵌入式/智能硬件基础/STM32F4中断.jpg','嵌入式','李辉',0,956,3,3,2),(11194,'UART','初级',5,'http://www.t.com/script/tu/嵌入式/智能硬件基础/UART.jpg','嵌入式','李辉',0,3418,3,3,4),(11198,'如何用photoshop制作gif表情','初级',1,'http://www.t.com/script/tu/UID/UI设计/如何用photoshop制作gif表情.jpg','UID','罗黎昆',0,51551,3,3,2),(11199,'用photoshop制作标准证件照','初级',1,'http://www.t.com/script/tu/UID/UI设计/用photoshop制作标准证件照.jpg','UID','罗黎昆',0,22829,3,3,2),(11200,'微信小程序简介','初级',3,'http://www.t.com/script/tu/IOS/微信小程序开发/微信小程序简介.jpg','前沿技术','j',30,51041,3,3,1),(11238,'微信小程序概述','初级',3,'http://www.t.com/script/tu/前沿技术/微信开发/微信小程序概述.jpg','前沿技术','j',30,14391,3,3,1),(11239,'Shee小程序的核心框架','初级',5,'http://www.t.com/script/tu/前沿技术/微信开发/Shee小程序的核心框架.jpg','前沿技术','j',30,10994,3,3,1),(11240,'UI控件之基本控件（一）','初级',3,'http://www.t.com/script/tu/前沿技术/微信开发/UI控件之基本控件（一）.jpg','前沿技术','j',30,10864,3,3,1),(11241,'UI控件之基本控件（二）','初级',4,'http://www.t.com/script/tu/前沿技术/微信开发/UI控件之基本控件（二）.jpg','前沿技术','j',30,4252,3,3,1),(11242,'UI控件之表单控件','初级',3,'http://www.t.com/script/tu/前沿技术/微信开发/UI控件之表单控件.jpg','前沿技术','j',30,4330,3,3,1),(11300,'UI控件之高级视图（一）','初级',3,'http://www.t.com/script/tu/前沿技术/微信开发/UI控件之高级视图（一）.jpg','前沿技术','j',30,4273,3,3,1),(11301,'UI控件之高级视图（二）','初级',3,'http://www.t.com/script/tu/前沿技术/微信开发/UI控件之高级视图（二）.jpg','前沿技术','j',30,3443,3,3,1),(11338,'UI控件之多媒体实现（一）','初级',4,'http://www.t.com/script/tu/前沿技术/微信开发/UI控件之多媒体实现（一）.jpg','前沿技术','j',30,2368,3,3,1),(11339,'UI控件之多媒体实现（二）','初级',5,'http://www.t.com/script/tu/前沿技术/微信开发/UI控件之多媒体实现（二）.jpg','前沿技术','j',30,1501,3,3,1);

/*Table structure for table `section` */

DROP TABLE IF EXISTS `section`;

CREATE TABLE `section` (
  `section_id` int(11) NOT NULL AUTO_INCREMENT,
  `id` int(11) DEFAULT NULL,
  `name` varchar(40) DEFAULT NULL,
  `duration` varchar(40) DEFAULT NULL,
  `is_free` char(2) DEFAULT NULL,
  `video_id` varchar(40) DEFAULT NULL,
  `book_id` int(11) DEFAULT NULL,
  PRIMARY KEY (`section_id`)
) ENGINE=InnoDB AUTO_INCREMENT=81 DEFAULT CHARSET=utf8;

/*Data for the table `section` */

insert  into `section`(`section_id`,`id`,`name`,`duration`,`is_free`,`video_id`,`book_id`) values (45,10002712,'初识微信小程序','20:26','Y','DB47EECA0E65C55E9C33DC5901307461',11200),(46,10002711,'小程序官方文档介绍','21:21','N','6E04518C7D5EA4D79C33DC5901307461',11200),(47,10002712,'小程序开发环境介绍','23:14','N','7FB7F7098E9FD9FD9C33DC5901307461',11200),(48,10002821,'微信小程序优势及前景','22:48','Y','B9FB2C5AA0DFBC5C9C33DC5901307461',11238),(49,10002822,'开发工具及官方文档介绍','19:57','Y','38D2407BF9949E559C33DC5901307461',11238),(50,10002823,'官方示例小程序演示','17:15','Y','8C31FA6F594072FF9C33DC5901307461',11238),(51,10002824,'目录结构','09:15','Y','AB6B8F2DBE80D32C9C33DC5901307461',11239),(52,10002825,'页面配置','14:40','N','43E26C9608316E6D9C33DC5901307461',11239),(53,10002826,'窗口配置','14:00','N','CF2E41B55A8654199C33DC5901307461',11239),(54,10002827,'tab栏的使用及配置','21:14','N','AE70B80E67EAE2819C33DC5901307461',11239),(55,10002828,'debug模式及单独页面配置','14:30','N','00EBC39813136E909C33DC5901307461',11239),(56,10002829,'注册程序及页面','21:13','Y','E5DD87B05663CE289C33DC5901307461',11240),(57,10002830,'设置首页及页面切换','21:02','N','908A35D8B71069FC9C33DC5901307461',11240),(58,10002831,'容器组件view','21:44','N','EE3ED4969E8401439C33DC5901307461',11240),(59,10002832,'使用文本节点构建页面内容','21:53','Y','8F5303078AED45D09C33DC5901307461',11241),(60,10002833,'使用wxss美化界面','11:54','N','785EAAA5394372C59C33DC5901307461',11241),(61,10002834,'数据绑定及渲染','16:54','N','6E3FFCD2E04411699C33DC5901307461',11241),(62,10002835,'icon组件','17:35','N','AF612BBB5F0166089C33DC5901307461',11241),(63,10002836,'01_进度条组件','12:22','Y','B643D8B07160A3849C33DC5901307461',11242),(64,10002837,'02_使用按钮实现页面交互','29:57','N','11A65B4DC088BF3C9C33DC5901307461',11242),(65,10002838,'03_按钮组件详解','24:33','N','D6E3008BBB176F769C33DC5901307461',11242),(66,10002914,'开关组件','31:24','Y','4246C1B6D2A10B859C33DC5901307461',11300),(67,10002915,'slider详解','18:04','N','3870740E3BB7B3589C33DC5901307461',11300),(68,10002916,'消息提示框','26:04','N','367627F2ED13DA3B9C33DC5901307461',11300),(69,10002917,'对话框','24:24','Y','CF5891920E7003169C33DC5901307461',11301),(70,10002918,'菜单列表','16:40','N','64000C97F42E84D79C33DC5901307461',11301),(71,10002919,'选择器','40:51','N','7C3861FFC614D8499C33DC5901307461',11301),(72,10002976,'配置纵向滚动的滚动视图','20:05','Y','A7663E0026B31EAC9C33DC5901307461',11338),(73,10002977,'设置纵向滚动视图的相关属性','15:56','N','94B1EEB7A9814AA59C33DC5901307461',11338),(74,10002978,'设置横向滚动视图','05:18','N','963897202AB187AB9C33DC5901307461',11338),(75,10002979,'设置swiper滚动视图','14:44','N','C67A2BC2EE8B09F79C33DC5901307461',11338),(76,10002980,'多选框的使用','12:15','Y','ABBC2A9AACCEB51C9C33DC5901307461',11339),(77,10002981,'label控件的使用','06:22','N','43C5C040D3E5E8CE9C33DC5901307461',11339),(78,10002982,'单选框的使用','06:50','N','AC72AE2545E537D79C33DC5901307461',11339),(79,10002983,'单行输入框的使用','24:12','N','C3AFB473968411999C33DC5901307461',11339),(80,10002984,'多行输入框的使用','07:53','N','7A1A73BA70FB494F9C33DC5901307461',11339);

/*Table structure for table `student_book` */

DROP TABLE IF EXISTS `student_book`;

CREATE TABLE `student_book` (
  `book_id` int(11) NOT NULL AUTO_INCREMENT,
  `id` int(11) DEFAULT NULL,
  `time` int(11) DEFAULT NULL,
  `teacher` varchar(40) DEFAULT NULL,
  `price` int(11) DEFAULT NULL,
  `url` varchar(200) DEFAULT NULL,
  `student_num` int(11) DEFAULT NULL,
  `book_img` varchar(200) DEFAULT NULL,
  `direction` varchar(40) DEFAULT NULL,
  `knowledge_point_num` int(11) DEFAULT NULL,
  `name` varchar(40) DEFAULT NULL,
  `level` varchar(40) DEFAULT NULL,
  PRIMARY KEY (`book_id`)
) ENGINE=InnoDB AUTO_INCREMENT=11 DEFAULT CHARSET=utf8;

/*Data for the table `student_book` */

insert  into `student_book`(`book_id`,`id`,`time`,`teacher`,`price`,`url`,`student_num`,`book_img`,`direction`,`knowledge_point_num`,`name`,`level`) values (1,11200,3,'j',30,'./library/./library/234/234_11200.html',51104,'IOS/微信小程序开发/微信小程序简介.jpg','前沿技术',3,'微信小程序简介','初级'),(2,11238,3,'j',30,'./library/null',14408,'前沿技术/微信开发/微信小程序概述.jpg','前沿技术',3,'微信小程序概述','初级'),(3,11239,5,'j',30,'./library/null',11013,'前沿技术/微信开发/Shee小程序的核心框架.jpg','前沿技术',3,'Shee小程序的核心框架','初级'),(4,11240,3,'j',30,'./library/null',10879,'前沿技术/微信开发/UI控件之基本控件（一）.jpg','前沿技术',3,'UI控件之基本控件（一）','初级'),(5,11241,4,'j',30,'./library/null',4257,'前沿技术/微信开发/UI控件之基本控件（二）.jpg','前沿技术',3,'UI控件之基本控件（二）','初级'),(6,11242,3,'j',30,'./library/null',4332,'前沿技术/微信开发/UI控件之表单控件.jpg','前沿技术',3,'UI控件之表单控件','初级'),(7,11300,3,'j',30,'./library/null',4275,'前沿技术/微信开发/UI控件之高级视图（一）.jpg','前沿技术',3,'UI控件之高级视图（一）','初级'),(8,11301,3,'j',30,'./library/null',3447,'前沿技术/微信开发/UI控件之高级视图（二）.jpg','前沿技术',3,'UI控件之高级视图（二）','初级'),(9,11338,4,'j',30,'./library/null',2369,'前沿技术/微信开发/UI控件之多媒体实现（一）.jpg','前沿技术',3,'UI控件之多媒体实现（一）','初级'),(10,11339,5,'j',30,'./library/null',1503,'前沿技术/微信开发/UI控件之多媒体实现（二）.jpg','前沿技术',3,'UI控件之多媒体实现（二）','初级');

/*Table structure for table `student_section` */

DROP TABLE IF EXISTS `student_section`;

CREATE TABLE `student_section` (
  `section_id` int(11) NOT NULL AUTO_INCREMENT,
  `id` int(11) DEFAULT NULL,
  `name` varchar(40) DEFAULT NULL,
  `duration` varchar(40) DEFAULT NULL,
  `is_free` char(4) DEFAULT NULL,
  `book_id` int(11) DEFAULT NULL,
  PRIMARY KEY (`section_id`)
) ENGINE=InnoDB AUTO_INCREMENT=37 DEFAULT CHARSET=utf8;

/*Data for the table `student_section` */

insert  into `student_section`(`section_id`,`id`,`name`,`duration`,`is_free`,`book_id`) values (1,10002712,'初识微信小程序','20:26','Y',11200),(2,10002711,'小程序官方文档介绍','21:21','N',11200),(3,10002712,'小程序开发环境介绍','23:14','N',11200),(4,10002821,'微信小程序优势及前景','22:48','Y',11238),(5,10002822,'开发工具及官方文档介绍','19:57','Y',11238),(6,10002823,'官方示例小程序演示','17:15','Y',11238),(7,10002824,'目录结构','09:15','Y',11239),(8,10002825,'页面配置','14:40','N',11239),(9,10002826,'窗口配置','14:00','N',11239),(10,10002827,'tab栏的使用及配置','21:14','N',11239),(11,10002828,'debug模式及单独页面配置','14:30','N',11239),(12,10002829,'注册程序及页面','21:13','Y',11240),(13,10002830,'设置首页及页面切换','21:02','N',11240),(14,10002831,'容器组件view','21:44','N',11240),(15,10002832,'使用文本节点构建页面内容','21:53','Y',11241),(16,10002833,'使用wxss美化界面','11:54','N',11241),(17,10002834,'数据绑定及渲染','16:54','N',11241),(18,10002835,'icon组件','17:35','N',11241),(19,10002836,'01_进度条组件','12:22','Y',11242),(20,10002837,'02_使用按钮实现页面交互','29:57','N',11242),(21,10002838,'03_按钮组件详解','24:33','N',11242),(22,10002914,'开关组件','31:24','Y',11300),(23,10002915,'slider详解','18:04','N',11300),(24,10002916,'消息提示框','26:04','N',11300),(25,10002917,'对话框','24:24','Y',11301),(26,10002918,'菜单列表','16:40','N',11301),(27,10002919,'选择器','40:51','N',11301),(28,10002976,'配置纵向滚动的滚动视图','20:05','Y',11338),(29,10002977,'设置纵向滚动视图的相关属性','15:56','N',11338),(30,10002978,'设置横向滚动视图','05:18','N',11338),(31,10002979,'设置swiper滚动视图','14:44','N',11338),(32,10002980,'多选框的使用','12:15','Y',11339),(33,10002981,'label控件的使用','06:22','N',11339),(34,10002982,'单选框的使用','06:50','N',11339),(35,10002983,'单行输入框的使用','24:12','N',11339),(36,10002984,'多行输入框的使用','07:53','N',11339);

/*Table structure for table `c2csystem_book` */

DROP TABLE IF EXISTS `c2csystem_book`;

CREATE TABLE `c2csystem_book` (
  `id` bigint(20) NOT NULL AUTO_INCREMENT,
  `name` varchar(40) DEFAULT NULL,
  `book_num` int(11) DEFAULT NULL,
  `video_num` int(11) DEFAULT NULL,
  PRIMARY KEY (`id`)
) ENGINE=InnoDB AUTO_INCREMENT=18 DEFAULT CHARSET=utf8;

/*Data for the table `c2csystem_book` */

insert  into `c2csystem_book`(`id`,`name`,`book_num`,`video_num`) values (1,'精品沙龙公开课',1,1),(2,'前沿技术',14,48),(3,'UI设计',157,161),(4,'Java',85,356),(5,'Web前端',47,144),(6,'网络营销',74,107),(7,'Android',134,495),(8,'iOS',72,260),(9,'C++',37,134),(10,'软件测试',51,164),(11,'PHP',32,104),(12,'嵌入式',86,251),(13,'Linux云计算',110,282),(14,'Unity3D',41,91),(15,'.NET',38,111),(16,'ACC',19,19),(17,'就业辅导',1,1);

/*Table structure for table `c2csystem_cart` */

DROP TABLE IF EXISTS `c2csystem_cart`;

CREATE TABLE `c2csystem_cart` (
  `id` bigint(20) NOT NULL AUTO_INCREMENT,
  `user_id` bigint(20) DEFAULT NULL,
  `item_id` bigint(20) DEFAULT NULL,
  `item_title` varchar(100) DEFAULT NULL,
  `item_image` varchar(200) DEFAULT NULL,
  `item_price` bigint(20) DEFAULT NULL COMMENT '单位：分',
  `num` int(10) DEFAULT NULL,
  `created` datetime DEFAULT NULL,
  `updated` datetime DEFAULT NULL,
  PRIMARY KEY (`id`),
  KEY `AK_user_itemId` (`user_id`,`item_id`)
) ENGINE=InnoDB AUTO_INCREMENT=29 DEFAULT CHARSET=utf8;

/*Data for the table `c2csystem_cart` */

insert  into `c2csystem_cart`(`id`,`user_id`,`item_id`,`item_title`,`item_image`,`item_price`,`num`,`created`,`updated`) values (25,7,1474391971,'a','http://image.c2c-system.com/2020/07/16/3fb5d987-31a8-4096-8e00-d3f520fb615f.jpg',1,3,'2020-07-21 14:09:00','2020-07-21 14:09:26'),(26,7,1474391960,'Apple iPhone X (A1865) 64GB 深空灰色 移动联通电信4G手机','http://image.c2c-system.com/2020/07/16/3fb5d987-31a8-4096-8e00-d3f520fb615f.jpg',838800,1,'2020-07-21 14:11:42','2020-07-21 14:11:42'),(27,11,1474391971,'a','http://image.c2c-system.com/2020/07/16/3fb5d987-31a8-4096-8e00-d3f520fb615f.jpg',1,1,'2020-07-21 18:20:04','2020-07-21 18:20:04'),(28,11,1474391963,'ll','http://image.c2c-system.com/2018/02/09/00/1518108645696848玛丽.png',999999001,2,'2020-07-21 18:20:08','2020-07-21 18:20:08');

/*Table structure for table `c2csystem_content` */

DROP TABLE IF EXISTS `c2csystem_content`;

CREATE TABLE `c2csystem_content` (
  `id` bigint(20) NOT NULL AUTO_INCREMENT,
  `category_id` bigint(20) NOT NULL COMMENT '内容类目ID',
  `title` varchar(200) DEFAULT NULL COMMENT '内容标题',
  `sub_title` varchar(100) DEFAULT NULL COMMENT '子标题',
  `title_desc` varchar(500) DEFAULT NULL COMMENT '标题描述',
  `url` varchar(500) DEFAULT NULL COMMENT '链接',
  `pic` varchar(300) DEFAULT NULL COMMENT '图片绝对路径',
  `pic2` varchar(300) DEFAULT NULL COMMENT '图片2',
  `content` text DEFAULT NULL COMMENT '内容',
  `created` datetime DEFAULT NULL,
  `updated` datetime DEFAULT NULL,
  PRIMARY KEY (`id`),
  KEY `category_id` (`category_id`),
  KEY `updated` (`updated`)
) ENGINE=InnoDB AUTO_INCREMENT=12 DEFAULT CHARSET=utf8;

/*Data for the table `c2csystem_content` */

insert  into `c2csystem_content`(`id`,`category_id`,`title`,`sub_title`,`title_desc`,`url`,`pic`,`pic2`,`content`,`created`,`updated`) values (1,9,'内容1','','','http://sale.c2csystem.com/act/eDpBF1s8KcTOYM.html?cpdad=1DLSUE','http://image.tt.com/images/2015/03/03/2015030304324649807137.jpg','','','2015-03-03 16:32:51','2015-03-03 16:32:51'),(2,9,'真女人','','','http://sale.c2csystem.com/act/xcDvNbzAqK0CoG7I.html?cpdad=1DLSUE','http://image.tt.com/images/2015/03/03/2015030304333327002286.jpg','','','2015-03-03 16:33:36','2015-03-03 16:33:36'),(3,9,'蓝月亮','','','http://sale.c2csystem.com/act/kj2pmwMuYCrGsK3g.html?cpdad=1DLSUE','http://image.tt.com/images/2015/03/03/201503030434200950530.jpg','','','2015-03-03 16:34:22','2015-03-03 16:34:22'),(4,9,'内衣','','','http://sale.c2csystem.com/act/UMJaAPD2VIXkZn.html?cpdad=1DLSUE','http://image.tt.com/images/2015/03/03/2015030304345761102862.jpg','','','2015-03-03 16:35:00','2015-03-03 16:35:00'),(5,9,'内衣2','','','http://sale.c2csystem.com/act/UMJaAPD2VIXkZn.html?cpdad=1DLSUE','http://image.tt.com/images/2015/03/03/2015030304353109508500.jpg','','','2015-03-03 16:35:33','2015-03-03 16:35:33'),(6,9,'血拼','','','http://sale.c2csystem.com/act/e0FMkuDhJz35CNt.html?cpdad=1DLSUE','http://image.tt.com/images/2015/03/03/2015030304360302109345.jpg','','','2015-03-03 16:36:05','2015-03-03 16:36:05'),(7,11,'爆款造型品 扮靓美人计','','','http://sale.c2csystem.com/act/Z5o4RNyF2Uv.html','','','','2015-03-06 17:20:46','2015-03-06 17:20:46'),(8,11,'情定金生相约钻石婚','','','http://sale.c2csystem.com/act/Kz4QnjJMuL.html','','','','2015-03-06 17:21:07','2015-03-06 17:21:07'),(9,11,'开学季音像299减99','','','http://sale.c2csystem.com/act/U0jwsxIFrmO.html','','','','2015-03-06 17:21:22','2015-03-06 17:21:22'),(10,11,'38女人节得3800理财金','','','http://club.jr.jd.com/girls/jingxuan','','','','2015-03-06 17:21:40','2015-03-06 17:21:40'),(11,13,'容标题:1','子标题2','内容描述3','http://kb.cnblogs.com/page/521530/4','http://image.c2c-system.com/images/2015/07/09/2015070911415016409724.jpg','http://image.c2c-system.com/images/2015/07/09/2015070911415786104208.jpg','<pre class=\"prettyprint lang-java\">    public void deleteNode(Long parentId, Long id) {\r\n        //删除当前节点\r\n        super.deleteById(id);\r\n        \r\n        //判断父节点是否有子节点\r\n        ContentCategory contentCategory = super.queryById(parentId);\r\n        ContentCategory param = new ContentCategory();\r\n        param.setParentId(contentCategory.getId());\r\n        List&lt;ContentCategory&gt; contentCategories = super.queryListByWhere(param);\r\n        if(contentCategories.isEmpty()){\r\n            contentCategory.setIsParent(false);\r\n            contentCategory.setUpdated(new Date());\r\n            super.updateSelective(contentCategory);//更新\r\n        }\r\n        \r\n        // 删除当前节点的子节点\r\n        List&lt;Long&gt; ids = new ArrayList&lt;Long&gt;();<img src=\"http://image.c2c-system.com/images/2015/07/09/2015070911421026605719.jpg\" width=\"296\" height=\"220\" alt=\"\" /> findByParentId(ids, id);\r\n        if(!ids.isEmpty()){\r\n            super.deleteByIds(ids.toArray(new Long[]{}));\r\n        }\r\n        \r\n    }</pre>','2015-07-09 11:34:23','2015-07-09 11:42:14');

/*Table structure for table `c2csystem_content_category` */

DROP TABLE IF EXISTS `c2csystem_content_category`;

CREATE TABLE `c2csystem_content_category` (
  `id` bigint(20) NOT NULL AUTO_INCREMENT COMMENT '类目ID',
  `parent_id` bigint(20) DEFAULT NULL COMMENT '父类目ID=0时，代表的是一级的类目',
  `name` varchar(50) DEFAULT NULL COMMENT '分类名称',
  `status` int(1) DEFAULT 1 COMMENT '状态。可选值:1(正常),2(删除)',
  `sort_order` int(4) DEFAULT NULL COMMENT '排列序号，表示同级类目的展现次序，如数值相等则按名称次序排列。取值范围:大于零的整数',
  `is_parent` tinyint(1) DEFAULT 1 COMMENT '该类目是否为父类目，1为true，0为false',
  `created` datetime DEFAULT NULL COMMENT '创建时间',
  `updated` datetime DEFAULT NULL COMMENT '创建时间',
  PRIMARY KEY (`id`),
  KEY `parent_id` (`parent_id`,`status`) USING BTREE,
  KEY `sort_order` (`sort_order`)
) ENGINE=InnoDB AUTO_INCREMENT=14 DEFAULT CHARSET=utf8 COMMENT='内容分类';

/*Data for the table `c2csystem_content_category` */

insert  into `c2csystem_content_category`(`id`,`parent_id`,`name`,`status`,`sort_order`,`is_parent`,`created`,`updated`) values (1,0,'c2csystem_content商城',1,NULL,1,'2015-03-03 15:15:23','2015-03-03 15:27:09'),(2,1,'首页',1,NULL,1,'2015-03-03 15:27:09','2015-03-03 16:01:17'),(8,2,'广告位',1,NULL,1,'2015-03-03 16:01:17','2015-03-03 16:01:27'),(9,8,'大广告',1,NULL,0,'2015-03-03 16:01:27','2015-03-03 16:01:27'),(10,8,'右上角小广告',1,NULL,0,'2015-03-03 16:01:39','2015-03-03 16:01:39'),(11,2,'c2csystem_content快讯',1,NULL,0,'2015-03-03 16:01:53','2015-03-03 16:01:53'),(12,8,'中间小广告',1,NULL,0,'2015-03-03 16:02:08','2015-03-03 16:02:08'),(13,2,'生活的橱窗',1,NULL,0,'2015-03-03 16:02:29','2015-03-03 16:02:29');

/*Table structure for table `c2csystem_item` */

DROP TABLE IF EXISTS `c2csystem_item`;

CREATE TABLE `c2csystem_item` (
  `id` bigint(20) NOT NULL AUTO_INCREMENT COMMENT '商品id，同时也是商品编号',
  `title` varchar(100) NOT NULL COMMENT '商品标题',
  `sell_point` varchar(500) DEFAULT NULL COMMENT '商品卖点',
  `price` bigint(20) NOT NULL COMMENT '商品价格，单位为：分',
  `num` int(10) NOT NULL COMMENT '库存数量',
  `barcode` varchar(30) DEFAULT NULL COMMENT '商品条形码',
  `image` varchar(500) DEFAULT NULL COMMENT '商品图片',
  `cid` bigint(10) NOT NULL COMMENT '所属类目，叶子类目',
  `status` tinyint(4) NOT NULL DEFAULT 1 COMMENT '商品状态，1-正常，2-下架，3-删除',
  `created` datetime NOT NULL COMMENT '创建时间',
  `updated` datetime NOT NULL COMMENT '更新时间',
  PRIMARY KEY (`id`),
  KEY `cid` (`cid`),
  KEY `status` (`status`),
  KEY `updated` (`updated`)
) ENGINE=InnoDB AUTO_INCREMENT=1474391972 DEFAULT CHARSET=utf8 COMMENT='商品表';

/*Data for the table `c2csystem_item` */

insert  into `c2csystem_item`(`id`,`title`,`sell_point`,`price`,`num`,`barcode`,`image`,`cid`,`status`,`created`,`updated`) values (1473204338,'易丰（Ephone）E61V-B 电信3G老人手机 金色','2.4寸大屏限时秒杀129元！电信版天翼直板按键CDMA手机最底价/特价冲量/京东速发包邮',129000,99999,NULL,'http://image.c2csystem.com/jd/63b8d4814ff04b78bb6d02696eacf22e.jpg',560,1,'2015-03-08 21:33:47','2015-03-08 21:33:47'),(1473204339,'易丰（Ephone）E61V-B 电信3G老人手机 蓝色','2.4寸大屏限时秒杀129元！电信版天翼直板按键CDMA手机最底价/特价冲量/京东速发包邮',129000,99999,NULL,'http://image.c2csystem.com/jd/7ccd509684ce47f5b8d6dc6535f84350.jpg',560,1,'2015-03-08 21:33:47','2015-03-08 21:33:47'),(1473204341,'易丰（Ephone）E61V-B 电信3G老人手机 黄色','2.4寸大屏限时秒杀129元！电信版天翼直板按键CDMA手机最底价/特价冲量/京东速发包邮',129000,99999,NULL,'http://image.c2csystem.com/jd/86be6931be014e3ea5dfb261d803eabd.jpg',560,1,'2015-03-08 21:33:47','2015-03-08 21:33:47'),(1473724868,'三星（SAMSUNG）HG48AC460KJ 48英寸LED液晶电视超薄窄边 正品特价','',2999000,99999,NULL,'http://image.c2csystem.com/jd/1c949a7322304ed4991fb232ae094f11.jpg',76,1,'2015-03-08 21:29:33','2015-03-08 21:29:33'),(1473743901,'里奥(NEO) KP-MX4 冒险者 移动4G手机 双卡双待 白色','5英寸OGS全贴合屏四核64位1.5GHz1300万像素双卡双待移动4G手机 情人节特惠',999000,99999,NULL,'http://image.c2csystem.com/jd/20c515bbd1e24636889c714667c5a90e.jpg',560,1,'2015-03-08 21:33:47','2015-03-08 21:33:47'),(1474318759,'奥克斯(AUX) M288 移动联通2G老人手机 双卡双待 土豪金','老年机大字体大按键大音量 超长待机 触屏手写 手电筒外放收音机语音王QQ电子书',139000,99999,NULL,'http://image.c2csystem.com/jd/c97a5b84a5d740da9bee3626f1732bcb.jpg',560,1,'2015-03-08 21:33:47','2015-03-08 21:33:47'),(1474391927,'new3 小米（MI）小米米键 颜色随机 官方正品','智键手机快捷键防尘塞',19000,99999,'','http://image.c2csystem.com/jd/0a182402ff97495f882f20244c71284b.jpg',560,1,'2015-03-08 21:33:48','2015-06-04 15:47:05'),(1474391935,'990本色（精装图文版）真我非我','80张怀旧照片，80份本色心情——乐嘉40岁生日情归《本色》，推出精装图文版，纪念平装版销量破百万册\r\n自营图书音像全品类优惠券满100-5元，满200-16元，点击领取',4680,890,'','http://image.c2c-system.com/images/2015/05/20/2015052011005507304512.jpg,http://image.c2c-system.com/images/2015/05/20/2015052011005606105002.jpg',60,1,'2015-05-20 11:01:47','2015-06-12 09:46:21'),(1474391944,'商品标题123','笔记本',1000000,100,'123123','http://image.c2c-system.com/images/2015/07/26/2015072604014773901590.jpg,http://image.c2c-system.com/images/2015/07/26/2015072604014896105370.jpg,http://image.c2c-system.com/images/2015/07/26/2015072604014925702520.jpg',163,1,'2015-07-26 16:03:04','2018-01-05 16:36:54'),(1474391951,'学智善（XUEZHISHANTOYS） 合金版超大遥控越野车四驱充电攀爬赛车儿童玩具汽车 大28CM合金板雅黑色','京东配送，快递收货， 超大号，够霸气！！！四轮驱动强大马力，四轮独立减震，适合亲子活动',8900,100,'10086','',497,1,'2018-01-18 16:38:43','2018-01-18 17:28:45'),(1474391955,'1','1',100,1,'1','',3,1,'2018-01-19 11:34:55','2018-01-19 11:34:55'),(1474391956,'1','1',100,1,'1','',3,1,'2018-01-19 11:36:48','2018-01-19 11:36:48'),(1474391958,'华为手机','好手机',200000,3000,'2000','http://image.c2c-system.com/2018/01/21/17/5825a0aa9abNde6ea381.jpg,http://image.c2c-system.com/2018/01/21/17/2345a0aa9b3N416e1553.jpg,http://image.c2c-system.com/2018/01/21/17/4265a0aa9b4N5666801b.jpg,http://image.c2c-system.com/2018/01/21/17/9885a0aa9b5Nd3d7b283.jpg',560,1,'2018-01-21 17:55:28','2018-01-21 17:55:28'),(1474391959,'华为','华为手机挡子弹',299900,1000,'10001','http://image.c2c-system.com/2018/01/22/10/1516589282104725a0aa9abNde6ea381.jpg,http://image.c2c-system.com/2018/01/22/10/15165892822195315a0aa9b3N416e1553.jpg,http://image.c2c-system.com/2018/01/22/10/15165892822868295a0aa9b4N5666801b.jpg,http://image.c2c-system.com/2018/01/22/10/1516589282346325a0aa9b5Nd3d7b283.jpg',560,1,'2018-01-22 11:19:09','2018-01-22 11:19:09'),(1474391960,'Apple iPhone X (A1865) 64GB 深空灰色 移动联通电信4G手机','抢券享白条12期免息，勾选[保障服务][原厂保2年]，原厂延保更安心。点此领券',838800,10086,'100','http://image.c2c-system.com/2020/07/16/3fb5d987-31a8-4096-8e00-d3f520fb615f.jpg',560,1,'2018-01-31 02:32:49','2020-06-28 21:56:05'),(1474391963,'l','6661',999999001,12,'我2','http://image.c2c-system.com/2018/02/09/00/1518108645696848玛丽.png',489,1,'2018-02-09 00:50:54','2020-07-07 02:00:56'),(1474391966,'1','1',1,11,'1','',13,1,'2020-06-29 18:32:23','2020-06-29 18:32:23'),(1474391967,'1','1',1,1,'1','',93,1,'2020-06-29 18:46:33','2020-06-29 18:46:33'),(1474391968,'1','1',1,1,'1','',190,1,'2020-06-29 20:25:27','2020-06-29 20:25:27'),(1474391970,'1','1',1,1,'1','http://image.c2c-system.com/2020/07/04/f80cd6eb-7a37-4bfd-bcaf-d8ad145ffe5a.png,http://image.c2c_system.com/2020/07/04/be0e5eb8-74f9-4383-aaf0-a9d2621a6dec.jpg,http://image.c2c_system.com/2020/07/04/4bd2ef76-504b-4f44-93ac-98ead79bd1c3.jpg',110,2,'2020-07-04 21:30:19','2020-07-07 02:00:51'),(1474391971,'a','a',1,1,'1','http://image.c2c-system.com/2020/07/16/3fb5d987-31a8-4096-8e00-d3f520fb615f.jpg',266,1,'2020-07-16 14:23:52','2020-07-16 14:23:52');

/*Table structure for table `c2csystem_item_cat` */

DROP TABLE IF EXISTS `c2csystem_item_cat`;

CREATE TABLE `c2csystem_item_cat` (
  `id` bigint(20) NOT NULL AUTO_INCREMENT COMMENT '类目ID',
  `parent_id` bigint(20) DEFAULT NULL COMMENT '父类目ID=0时，代表的是一级的类目',
  `name` varchar(50) DEFAULT NULL COMMENT '类目名称',
  `status` int(1) DEFAULT 1 COMMENT '状态。可选值:1(正常),2(删除)',
  `sort_order` int(4) DEFAULT NULL COMMENT '排列序号，表示同级类目的展现次序，如数值相等则按名称次序排列。取值范围:大于零的整数',
  `is_parent` tinyint(1) DEFAULT 1 COMMENT '该类目是否为父类目，1为true，0为false',
  `created` datetime DEFAULT NULL COMMENT '创建时间',
  `updated` datetime DEFAULT NULL COMMENT '创建时间',
  PRIMARY KEY (`id`),
  KEY `parent_id` (`parent_id`,`status`) USING BTREE,
  KEY `sort_order` (`sort_order`)
) ENGINE=InnoDB AUTO_INCREMENT=1183 DEFAULT CHARSET=utf8 COMMENT='商品类目';

/*Data for the table `c2csystem_item_cat` */

insert  into `c2csystem_item_cat`(`id`,`parent_id`,`name`,`status`,`sort_order`,`is_parent`,`created`,`updated`) values (1,0,'图书、音像、电子书刊',1,1,1,'2014-10-15 18:31:55','2014-10-15 18:31:55'),(2,1,'电子书刊',1,1,1,'2014-10-15 18:31:55','2014-10-15 18:31:55'),(3,2,'电子书',1,1,0,'2014-10-15 18:31:55','2014-10-15 18:31:55'),(4,2,'网络原创',1,2,0,'2014-10-15 18:31:55','2014-10-15 18:31:55'),(5,2,'数字杂志',1,3,0,'2014-10-15 18:31:55','2014-10-15 18:31:55'),(6,2,'多媒体图书',1,4,0,'2014-10-15 18:31:55','2014-10-15 18:31:55'),(7,1,'音像',1,2,1,'2014-10-15 18:31:55','2014-10-15 18:31:55'),(8,7,'音乐',1,1,0,'2014-10-15 18:31:55','2014-10-15 18:31:55'),(9,7,'影视',1,2,0,'2014-10-15 18:31:55','2014-10-15 18:31:55'),(10,7,'教育音像',1,3,0,'2014-10-15 18:31:55','2014-10-15 18:31:55'),(11,1,'英文原版',1,3,1,'2014-10-15 18:31:55','2014-10-15 18:31:55'),(12,11,'少儿',1,1,0,'2014-10-15 18:31:55','2014-10-15 18:31:55'),(13,11,'商务投资',1,2,0,'2014-10-15 18:31:55','2014-10-15 18:31:55'),(14,11,'英语学习与考试',1,3,0,'2014-10-15 18:31:55','2014-10-15 18:31:55'),(15,11,'小说',1,4,0,'2014-10-15 18:31:55','2014-10-15 18:31:55'),(16,11,'传记',1,5,0,'2014-10-15 18:31:55','2014-10-15 18:31:55'),(17,11,'励志',1,6,0,'2014-10-15 18:31:55','2014-10-15 18:31:55'),(18,1,'文艺',1,4,1,'2014-10-15 18:31:55','2014-10-15 18:31:55'),(19,18,'小说',1,1,0,'2014-10-15 18:31:55','2014-10-15 18:31:55'),(20,18,'文学',1,2,0,'2014-10-15 18:31:55','2014-10-15 18:31:55'),(21,18,'青春文学',1,3,0,'2014-10-15 18:31:55','2014-10-15 18:31:55'),(22,18,'传记',1,4,0,'2014-10-15 18:31:55','2014-10-15 18:31:55'),(23,18,'艺术',1,5,0,'2014-10-15 18:31:55','2014-10-15 18:31:55'),(24,1,'少儿',1,5,1,'2014-10-15 18:31:55','2014-10-15 18:31:55'),(25,24,'少儿',1,1,0,'2014-10-15 18:31:55','2014-10-15 18:31:55'),(26,24,'0-2岁',1,2,0,'2014-10-15 18:31:55','2014-10-15 18:31:55'),(27,24,'3-6岁',1,3,0,'2014-10-15 18:31:55','2014-10-15 18:31:55'),(28,24,'7-10岁',1,4,0,'2014-10-15 18:31:55','2014-10-15 18:31:55'),(29,24,'11-14岁',1,5,0,'2014-10-15 18:31:55','2014-10-15 18:31:55'),(30,1,'人文社科',1,6,1,'2014-10-15 18:31:55','2014-10-15 18:31:55'),(31,30,'历史',1,1,0,'2014-10-15 18:31:55','2014-10-15 18:31:55'),(32,30,'哲学',1,2,0,'2014-10-15 18:31:55','2014-10-15 18:31:55'),(33,30,'国学',1,3,0,'2014-10-15 18:31:55','2014-10-15 18:31:55'),(34,30,'政治/军事',1,4,0,'2014-10-15 18:31:55','2014-10-15 18:31:55'),(35,30,'法律',1,5,0,'2014-10-15 18:31:55','2014-10-15 18:31:55'),(36,30,'宗教',1,6,0,'2014-10-15 18:31:55','2014-10-15 18:31:55'),(37,30,'心理学',1,7,0,'2014-10-15 18:31:55','2014-10-15 18:31:55'),(38,30,'文化',1,8,0,'2014-10-15 18:31:55','2014-10-15 18:31:55'),(39,30,'社会科学',1,9,0,'2014-10-15 18:31:55','2014-10-15 18:31:55'),(40,1,'经管励志',1,7,1,'2014-10-15 18:31:55','2014-10-15 18:31:55'),(41,40,'经济',1,1,0,'2014-10-15 18:31:55','2014-10-15 18:31:55'),(42,40,'金融与投资',1,2,0,'2014-10-15 18:31:55','2014-10-15 18:31:55'),(43,40,'管理',1,3,0,'2014-10-15 18:31:55','2014-10-15 18:31:55'),(44,40,'励志与成功',1,4,0,'2014-10-15 18:31:55','2014-10-15 18:31:55'),(45,1,'生活',1,8,1,'2014-10-15 18:31:55','2014-10-15 18:31:55'),(46,45,'生活',1,1,0,'2014-10-15 18:31:55','2014-10-15 18:31:55'),(47,45,'健身与保健',1,2,0,'2014-10-15 18:31:55','2014-10-15 18:31:55'),(48,45,'家庭与育儿',1,3,0,'2014-10-15 18:31:55','2014-10-15 18:31:55'),(49,45,'旅游',1,4,0,'2014-10-15 18:31:55','2014-10-15 18:31:55'),(50,45,'动漫/幽默',1,5,0,'2014-10-15 18:31:55','2014-10-15 18:31:55'),(51,1,'科技',1,9,1,'2014-10-15 18:31:55','2014-10-15 18:31:55'),(52,51,'科技',1,1,0,'2014-10-15 18:31:55','2014-10-15 18:31:55'),(53,51,'工程',1,2,0,'2014-10-15 18:31:55','2014-10-15 18:31:55'),(54,51,'建筑',1,3,0,'2014-10-15 18:31:55','2014-10-15 18:31:55'),(55,51,'医学',1,4,0,'2014-10-15 18:31:55','2014-10-15 18:31:55'),(56,51,'科学与自然',1,5,0,'2014-10-15 18:31:55','2014-10-15 18:31:55'),(57,51,'计算机与互联网',1,6,0,'2014-10-15 18:31:55','2014-10-15 18:31:55'),(58,51,'体育/运动',1,7,0,'2014-10-15 18:31:55','2014-10-15 18:31:55'),(59,1,'教育',1,10,1,'2014-10-15 18:31:55','2014-10-15 18:31:55'),(60,59,'教材教辅',1,1,0,'2014-10-15 18:31:55','2014-10-15 18:31:55'),(61,59,'教育与考试',1,2,0,'2014-10-15 18:31:55','2014-10-15 18:31:55'),(62,59,'外语学习',1,3,0,'2014-10-15 18:31:55','2014-10-15 18:31:55'),(63,59,'新闻出版',1,4,0,'2014-10-15 18:31:55','2014-10-15 18:31:55'),(64,59,'语言文字',1,5,0,'2014-10-15 18:31:55','2014-10-15 18:31:55'),(65,1,'港台图书',1,11,1,'2014-10-15 18:31:55','2014-10-15 18:31:55'),(66,65,'艺术/设计/收藏',1,1,0,'2014-10-15 18:31:55','2014-10-15 18:31:55'),(67,65,'经济管理',1,2,0,'2014-10-15 18:31:55','2014-10-15 18:31:55'),(68,65,'文化/学术',1,3,0,'2014-10-15 18:31:55','2014-10-15 18:31:55'),(69,65,'少儿文学/国学',1,4,0,'2014-10-15 18:31:55','2014-10-15 18:31:55'),(70,1,'其它',1,12,1,'2014-10-15 18:31:55','2014-10-15 18:31:55'),(71,70,'工具书',1,1,0,'2014-10-15 18:31:55','2014-10-15 18:31:55'),(72,70,'影印版',1,2,0,'2014-10-15 18:31:55','2014-10-15 18:31:55'),(73,70,'套装书',1,3,0,'2014-10-15 18:31:55','2014-10-15 18:31:55'),(74,0,'家用电器',1,2,1,'2014-10-15 18:31:55','2014-10-15 18:31:55'),(75,74,'大 家 电',1,1,1,'2014-10-15 18:31:55','2014-10-15 18:31:55'),(76,75,'平板电视',1,1,0,'2014-10-15 18:31:55','2014-10-15 18:31:55'),(77,75,'空调',1,2,0,'2014-10-15 18:31:55','2014-10-15 18:31:55'),(78,75,'冰箱',1,3,0,'2014-10-15 18:31:55','2014-10-15 18:31:55'),(79,75,'洗衣机',1,4,0,'2014-10-15 18:31:55','2014-10-15 18:31:55'),(80,75,'家庭影院',1,5,0,'2014-10-15 18:31:55','2014-10-15 18:31:55'),(81,75,'DVD播放机',1,6,0,'2014-10-15 18:31:55','2014-10-15 18:31:55'),(82,75,'迷你音响',1,7,0,'2014-10-15 18:31:55','2014-10-15 18:31:55'),(83,75,'烟机/灶具',1,8,0,'2014-10-15 18:31:55','2014-10-15 18:31:55'),(84,75,'热水器',1,9,0,'2014-10-15 18:31:55','2014-10-15 18:31:55'),(85,75,'消毒柜/洗碗机',1,10,0,'2014-10-15 18:31:55','2014-10-15 18:31:55'),(86,75,'酒柜/冰吧/冷柜',1,11,0,'2014-10-15 18:31:55','2014-10-15 18:31:55'),(87,75,'家电配件',1,12,0,'2014-10-15 18:31:55','2014-10-15 18:31:55'),(88,75,'家电下乡',1,13,0,'2014-10-15 18:31:55','2014-10-15 18:31:55'),(89,74,'生活电器',1,2,1,'2014-10-15 18:31:55','2014-10-15 18:31:55'),(90,89,'电风扇',1,1,0,'2014-10-15 18:31:55','2014-10-15 18:31:55'),(91,89,'冷风扇',1,2,0,'2014-10-15 18:31:55','2014-10-15 18:31:55'),(92,89,'净化器',1,3,0,'2014-10-15 18:31:55','2014-10-15 18:31:55'),(93,89,'饮水机',1,4,0,'2014-10-15 18:31:55','2014-10-15 18:31:55'),(94,89,'净水设备',1,5,0,'2014-10-15 18:31:55','2014-10-15 18:31:55'),(95,89,'挂烫机/熨斗',1,6,0,'2014-10-15 18:31:55','2014-10-15 18:31:55'),(96,89,'吸尘器',1,7,0,'2014-10-15 18:31:55','2014-10-15 18:31:55'),(97,89,'电话机',1,8,0,'2014-10-15 18:31:55','2014-10-15 18:31:55'),(98,89,'插座',1,9,0,'2014-10-15 18:31:55','2014-10-15 18:31:55'),(99,89,'收录/音机',1,10,0,'2014-10-15 18:31:55','2014-10-15 18:31:55'),(100,89,'清洁机',1,11,0,'2014-10-15 18:31:55','2014-10-15 18:31:55'),(101,89,'加湿器',1,12,0,'2014-10-15 18:31:55','2014-10-15 18:31:55'),(102,89,'除湿机',1,13,0,'2014-10-15 18:31:55','2014-10-15 18:31:55'),(103,89,'取暖电器',1,14,0,'2014-10-15 18:31:55','2014-10-15 18:31:55'),(104,89,'其它生活电器',1,15,0,'2014-10-15 18:31:55','2014-10-15 18:31:55'),(105,89,'扫地机器人',1,16,0,'2014-10-15 18:31:55','2014-10-15 18:31:55'),(106,89,'干衣机',1,17,0,'2014-10-15 18:31:55','2014-10-15 18:31:55'),(107,89,'生活电器配件',1,18,0,'2014-10-15 18:31:55','2014-10-15 18:31:55'),(108,74,'厨房电器',1,3,1,'2014-10-15 18:31:55','2014-10-15 18:31:55'),(109,108,'料理/榨汁机',1,1,0,'2014-10-15 18:31:55','2014-10-15 18:31:55'),(110,108,'豆浆机',1,2,0,'2014-10-15 18:31:55','2014-10-15 18:31:55'),(111,108,'电饭煲',1,3,0,'2014-10-15 18:31:55','2014-10-15 18:31:55'),(112,108,'电压力锅',1,4,0,'2014-10-15 18:31:55','2014-10-15 18:31:55'),(113,108,'面包机',1,5,0,'2014-10-15 18:31:55','2014-10-15 18:31:55'),(114,108,'咖啡机',1,6,0,'2014-10-15 18:31:55','2014-10-15 18:31:55'),(115,108,'微波炉',1,7,0,'2014-10-15 18:31:55','2014-10-15 18:31:55'),(116,108,'电烤箱',1,8,0,'2014-10-15 18:31:55','2014-10-15 18:31:55'),(117,108,'电磁炉',1,9,0,'2014-10-15 18:31:55','2014-10-15 18:31:55'),(118,108,'电饼铛/烧烤盘',1,10,0,'2014-10-15 18:31:55','2014-10-15 18:31:55'),(119,108,'煮蛋器',1,11,0,'2014-10-15 18:31:55','2014-10-15 18:31:55'),(120,108,'酸奶机',1,12,0,'2014-10-15 18:31:55','2014-10-15 18:31:55'),(121,108,'电炖锅',1,13,0,'2014-10-15 18:31:55','2014-10-15 18:31:55'),(122,108,'电水壶/热水瓶',1,14,0,'2014-10-15 18:31:55','2014-10-15 18:31:55'),(123,108,'多用途锅',1,15,0,'2014-10-15 18:31:55','2014-10-15 18:31:55'),(124,108,'果蔬解毒机',1,16,0,'2014-10-15 18:31:55','2014-10-15 18:31:55'),(125,108,'其它厨房电器',1,17,0,'2014-10-15 18:31:55','2014-10-15 18:31:55'),(126,74,'个护健康',1,4,1,'2014-10-15 18:31:55','2014-10-15 18:31:55'),(127,126,'剃须刀',1,1,0,'2014-10-15 18:31:55','2014-10-15 18:31:55'),(128,126,'剃/脱毛器',1,2,0,'2014-10-15 18:31:55','2014-10-15 18:31:55'),(129,126,'口腔护理',1,3,0,'2014-10-15 18:31:55','2014-10-15 18:31:55'),(130,126,'电吹风',1,4,0,'2014-10-15 18:31:55','2014-10-15 18:31:55'),(131,126,'美容器',1,5,0,'2014-10-15 18:31:55','2014-10-15 18:31:55'),(132,126,'美发器',1,6,0,'2014-10-15 18:31:55','2014-10-15 18:31:55'),(133,126,'按摩椅',1,7,0,'2014-10-15 18:31:55','2014-10-15 18:31:55'),(134,126,'按摩器',1,8,0,'2014-10-15 18:31:55','2014-10-15 18:31:55'),(135,126,'足浴盆',1,9,0,'2014-10-15 18:31:55','2014-10-15 18:31:55'),(136,126,'血压计',1,10,0,'2014-10-15 18:31:55','2014-10-15 18:31:55'),(137,126,'健康秤/厨房秤',1,11,0,'2014-10-15 18:31:55','2014-10-15 18:31:55'),(138,126,'血糖仪',1,12,0,'2014-10-15 18:31:55','2014-10-15 18:31:55'),(139,126,'体温计',1,13,0,'2014-10-15 18:31:55','2014-10-15 18:31:55'),(140,126,'计步器/脂肪检测仪',1,14,0,'2014-10-15 18:31:55','2014-10-15 18:31:55'),(141,126,'其它健康电器',1,15,0,'2014-10-15 18:31:55','2014-10-15 18:31:55'),(142,74,'五金家装',1,5,1,'2014-10-15 18:31:55','2014-10-15 18:31:55'),(143,142,'电动工具',1,1,0,'2014-10-15 18:31:55','2014-10-15 18:31:55'),(144,142,'手动工具',1,2,0,'2014-10-15 18:31:55','2014-10-15 18:31:55'),(145,142,'仪器仪表',1,3,0,'2014-10-15 18:31:55','2014-10-15 18:31:55'),(146,142,'浴霸/排气扇',1,4,0,'2014-10-15 18:31:55','2014-10-15 18:31:55'),(147,142,'灯具',1,5,0,'2014-10-15 18:31:55','2014-10-15 18:31:55'),(148,142,'LED灯',1,6,0,'2014-10-15 18:31:55','2014-10-15 18:31:55'),(149,142,'洁身器',1,7,0,'2014-10-15 18:31:55','2014-10-15 18:31:55'),(150,142,'水槽',1,8,0,'2014-10-15 18:31:55','2014-10-15 18:31:55'),(151,142,'龙头',1,9,0,'2014-10-15 18:31:55','2014-10-15 18:31:55'),(152,142,'淋浴花洒',1,10,0,'2014-10-15 18:31:55','2014-10-15 18:31:55'),(153,142,'厨卫五金',1,11,0,'2014-10-15 18:31:55','2014-10-15 18:31:55'),(154,142,'家具五金',1,12,0,'2014-10-15 18:31:55','2014-10-15 18:31:55'),(155,142,'门铃',1,13,0,'2014-10-15 18:31:55','2014-10-15 18:31:55'),(156,142,'电气开关',1,14,0,'2014-10-15 18:31:55','2014-10-15 18:31:55'),(157,142,'插座',1,15,0,'2014-10-15 18:31:55','2014-10-15 18:31:55'),(158,142,'电工电料',1,16,0,'2014-10-15 18:31:55','2014-10-15 18:31:55'),(159,142,'监控安防',1,17,0,'2014-10-15 18:31:55','2014-10-15 18:31:55'),(160,142,'电线/线缆',1,18,0,'2014-10-15 18:31:55','2014-10-15 18:31:55'),(161,0,'电脑、办公',1,3,1,'2014-10-15 18:31:55','2014-10-15 18:31:55'),(162,161,'电脑整机',1,1,1,'2014-10-15 18:31:55','2014-10-15 18:31:55'),(163,162,'笔记本',1,1,0,'2014-10-15 18:31:55','2014-10-15 18:31:55'),(164,162,'超极本',1,2,0,'2014-10-15 18:31:55','2014-10-15 18:31:55'),(165,162,'游戏本',1,3,0,'2014-10-15 18:31:55','2014-10-15 18:31:55'),(166,162,'平板电脑',1,4,0,'2014-10-15 18:31:55','2014-10-15 18:31:55'),(167,162,'平板电脑配件',1,5,0,'2014-10-15 18:31:55','2014-10-15 18:31:55'),(168,162,'台式机',1,6,0,'2014-10-15 18:31:55','2014-10-15 18:31:55'),(169,162,'服务器/工作站',1,7,0,'2014-10-15 18:31:55','2014-10-15 18:31:55'),(170,162,'笔记本配件',1,8,0,'2014-10-15 18:31:55','2014-10-15 18:31:55'),(171,161,'电脑配件',1,2,1,'2014-10-15 18:31:55','2014-10-15 18:31:55'),(172,171,'CPU',1,1,0,'2014-10-15 18:31:55','2014-10-15 18:31:55'),(173,171,'主板',1,2,0,'2014-10-15 18:31:55','2014-10-15 18:31:55'),(174,171,'显卡',1,3,0,'2014-10-15 18:31:55','2014-10-15 18:31:55'),(175,171,'硬盘',1,4,0,'2014-10-15 18:31:55','2014-10-15 18:31:55'),(176,171,'SSD固态硬盘',1,5,0,'2014-10-15 18:31:55','2014-10-15 18:31:55'),(177,171,'内存',1,6,0,'2014-10-15 18:31:55','2014-10-15 18:31:55'),(178,171,'机箱',1,7,0,'2014-10-15 18:31:55','2014-10-15 18:31:55'),(179,171,'电源',1,8,0,'2014-10-15 18:31:55','2014-10-15 18:31:55'),(180,171,'显示器',1,9,0,'2014-10-15 18:31:55','2014-10-15 18:31:55'),(181,171,'刻录机/光驱',1,10,0,'2014-10-15 18:31:55','2014-10-15 18:31:55'),(182,171,'散热器',1,11,0,'2014-10-15 18:31:55','2014-10-15 18:31:55'),(183,171,'声卡/扩展卡',1,12,0,'2014-10-15 18:31:55','2014-10-15 18:31:55'),(184,171,'装机配件',1,13,0,'2014-10-15 18:31:55','2014-10-15 18:31:55'),(185,171,'组装电脑',1,14,0,'2014-10-15 18:31:55','2014-10-15 18:31:55'),(186,161,'外设产品',1,3,1,'2014-10-15 18:31:55','2014-10-15 18:31:55'),(187,186,'移动硬盘',1,1,0,'2014-10-15 18:31:55','2014-10-15 18:31:55'),(188,186,'U盘',1,2,0,'2014-10-15 18:31:55','2014-10-15 18:31:55'),(189,186,'鼠标',1,3,0,'2014-10-15 18:31:55','2014-10-15 18:31:55'),(190,186,'键盘',1,4,0,'2014-10-15 18:31:55','2014-10-15 18:31:55'),(191,186,'鼠标垫',1,5,0,'2014-10-15 18:31:55','2014-10-15 18:31:55'),(192,186,'摄像头',1,6,0,'2014-10-15 18:31:55','2014-10-15 18:31:55'),(193,186,'手写板',1,7,0,'2014-10-15 18:31:55','2014-10-15 18:31:55'),(194,186,'外置盒',1,8,0,'2014-10-15 18:31:55','2014-10-15 18:31:55'),(195,186,'插座',1,9,0,'2014-10-15 18:31:55','2014-10-15 18:31:55'),(196,186,'线缆',1,10,0,'2014-10-15 18:31:55','2014-10-15 18:31:55'),(197,186,'UPS电源',1,11,0,'2014-10-15 18:31:55','2014-10-15 18:31:55'),(198,186,'电脑工具',1,12,0,'2014-10-15 18:31:55','2014-10-15 18:31:55'),(199,186,'游戏设备',1,13,0,'2014-10-15 18:31:55','2014-10-15 18:31:55'),(200,186,'电玩',1,14,0,'2014-10-15 18:31:55','2014-10-15 18:31:55'),(201,186,'电脑清洁',1,15,0,'2014-10-15 18:31:55','2014-10-15 18:31:55'),(202,161,'网络产品',1,4,1,'2014-10-15 18:31:55','2014-10-15 18:31:55'),(203,202,'路由器',1,1,0,'2014-10-15 18:31:55','2014-10-15 18:31:55'),(204,202,'网卡',1,2,0,'2014-10-15 18:31:55','2014-10-15 18:31:55'),(205,202,'交换机',1,3,0,'2014-10-15 18:31:55','2014-10-15 18:31:55'),(206,202,'网络存储',1,4,0,'2014-10-15 18:31:55','2014-10-15 18:31:55'),(207,202,'4G/3G上网',1,5,0,'2014-10-15 18:31:55','2014-10-15 18:31:55'),(208,202,'网络盒子',1,6,0,'2014-10-15 18:31:55','2014-10-15 18:31:55'),(209,202,'网络配件',1,7,0,'2014-10-15 18:31:55','2014-10-15 18:31:55'),(210,161,'办公设备',1,5,1,'2014-10-15 18:31:55','2014-10-15 18:31:55'),(211,210,'投影机',1,1,0,'2014-10-15 18:31:55','2014-10-15 18:31:55'),(212,210,'投影配件',1,2,0,'2014-10-15 18:31:55','2014-10-15 18:31:55'),(213,210,'多功能一体机',1,3,0,'2014-10-15 18:31:55','2014-10-15 18:31:55'),(214,210,'打印机',1,4,0,'2014-10-15 18:31:55','2014-10-15 18:31:55'),(215,210,'传真设备',1,5,0,'2014-10-15 18:31:55','2014-10-15 18:31:55'),(216,210,'验钞/点钞机',1,6,0,'2014-10-15 18:31:55','2014-10-15 18:31:55'),(217,210,'扫描设备',1,7,0,'2014-10-15 18:31:55','2014-10-15 18:31:55'),(218,210,'复合机',1,8,0,'2014-10-15 18:31:55','2014-10-15 18:31:55'),(219,210,'碎纸机',1,9,0,'2014-10-15 18:31:55','2014-10-15 18:31:55'),(220,210,'考勤机',1,10,0,'2014-10-15 18:31:55','2014-10-15 18:31:55'),(221,210,'墨粉',1,11,0,'2014-10-15 18:31:55','2014-10-15 18:31:55'),(222,210,'收款/POS机',1,12,0,'2014-10-15 18:31:55','2014-10-15 18:31:55'),(223,210,'会议音频视频',1,13,0,'2014-10-15 18:31:55','2014-10-15 18:31:55'),(224,210,'保险柜',1,14,0,'2014-10-15 18:31:55','2014-10-15 18:31:55'),(225,210,'装订/封装机',1,15,0,'2014-10-15 18:31:55','2014-10-15 18:31:55'),(226,210,'安防监控',1,16,0,'2014-10-15 18:31:55','2014-10-15 18:31:55'),(227,210,'办公家具',1,17,0,'2014-10-15 18:31:55','2014-10-15 18:31:55'),(228,210,'白板',1,18,0,'2014-10-15 18:31:55','2014-10-15 18:31:55'),(229,161,'文具/耗材',1,6,1,'2014-10-15 18:31:55','2014-10-15 18:31:55'),(230,229,'硒鼓/墨粉',1,1,0,'2014-10-15 18:31:55','2014-10-15 18:31:55'),(231,229,'墨盒',1,2,0,'2014-10-15 18:31:55','2014-10-15 18:31:55'),(232,229,'色带',1,3,0,'2014-10-15 18:31:55','2014-10-15 18:31:55'),(233,229,'纸类',1,4,0,'2014-10-15 18:31:55','2014-10-15 18:31:55'),(234,229,'办公文具',1,5,0,'2014-10-15 18:31:55','2014-10-15 18:31:55'),(235,229,'学生文具',1,6,0,'2014-10-15 18:31:55','2014-10-15 18:31:55'),(236,229,'文件管理',1,7,0,'2014-10-15 18:31:55','2014-10-15 18:31:55'),(237,229,'财会用品',1,8,0,'2014-10-15 18:31:55','2014-10-15 18:31:55'),(238,229,'本册/便签',1,9,0,'2014-10-15 18:31:55','2014-10-15 18:31:55'),(239,229,'计算器',1,10,0,'2014-10-15 18:31:55','2014-10-15 18:31:55'),(240,229,'激光笔',1,11,0,'2014-10-15 18:31:55','2014-10-15 18:31:55'),(241,229,'笔类',1,12,0,'2014-10-15 18:31:55','2014-10-15 18:31:55'),(242,229,'画具画材',1,13,0,'2014-10-15 18:31:55','2014-10-15 18:31:55'),(243,229,'刻录碟片/附件',1,14,0,'2014-10-15 18:31:55','2014-10-15 18:31:55'),(244,161,'服务产品',1,7,1,'2014-10-15 18:31:55','2014-10-15 18:31:55'),(245,244,'上门服务',1,1,0,'2014-10-15 18:31:55','2014-10-15 18:31:55'),(246,244,'远程服务',1,2,0,'2014-10-15 18:31:55','2014-10-15 18:31:55'),(247,244,'电脑软件',1,3,0,'2014-10-15 18:31:55','2014-10-15 18:31:55'),(248,244,'京东服务',1,4,0,'2014-10-15 18:31:55','2014-10-15 18:31:55'),(249,0,'个护化妆',1,4,1,'2014-10-15 18:31:55','2014-10-15 18:31:55'),(250,249,'面部护肤',1,1,1,'2014-10-15 18:31:55','2014-10-15 18:31:55'),(251,250,'清洁',1,1,0,'2014-10-15 18:31:55','2014-10-15 18:31:55'),(252,250,'护肤',1,2,0,'2014-10-15 18:31:55','2014-10-15 18:31:55'),(253,250,'面膜',1,3,0,'2014-10-15 18:31:55','2014-10-15 18:31:55'),(254,250,'剃须',1,4,0,'2014-10-15 18:31:55','2014-10-15 18:31:55'),(255,250,'套装',1,5,0,'2014-10-15 18:31:55','2014-10-15 18:31:55'),(256,249,'身体护肤',1,2,1,'2014-10-15 18:31:55','2014-10-15 18:31:55'),(257,256,'沐浴',1,1,0,'2014-10-15 18:31:55','2014-10-15 18:31:55'),(258,256,'润肤',1,2,0,'2014-10-15 18:31:55','2014-10-15 18:31:55'),(259,256,'颈部',1,3,0,'2014-10-15 18:31:55','2014-10-15 18:31:55'),(260,256,'手足',1,4,0,'2014-10-15 18:31:55','2014-10-15 18:31:55'),(261,256,'纤体塑形',1,5,0,'2014-10-15 18:31:55','2014-10-15 18:31:55'),(262,256,'美胸',1,6,0,'2014-10-15 18:31:55','2014-10-15 18:31:55'),(263,256,'套装',1,7,0,'2014-10-15 18:31:55','2014-10-15 18:31:55'),(264,249,'口腔护理',1,3,1,'2014-10-15 18:31:55','2014-10-15 18:31:55'),(265,264,'牙膏/牙粉',1,1,0,'2014-10-15 18:31:55','2014-10-15 18:31:55'),(266,264,'牙刷/牙线',1,2,0,'2014-10-15 18:31:55','2014-10-15 18:31:55'),(267,264,'漱口水',1,3,0,'2014-10-15 18:31:55','2014-10-15 18:31:55'),(268,264,'套装',1,4,0,'2014-10-15 18:31:55','2014-10-15 18:31:55'),(269,249,'女性护理',1,4,1,'2014-10-15 18:31:55','2014-10-15 18:31:55'),(270,269,'卫生巾',1,1,0,'2014-10-15 18:31:55','2014-10-15 18:31:55'),(271,269,'卫生护垫',1,2,0,'2014-10-15 18:31:55','2014-10-15 18:31:55'),(272,269,'私密护理',1,3,0,'2014-10-15 18:31:55','2014-10-15 18:31:55'),(273,269,'脱毛膏',1,4,0,'2014-10-15 18:31:55','2014-10-15 18:31:55'),(274,249,'洗发护发',1,5,1,'2014-10-15 18:31:55','2014-10-15 18:31:55'),(275,274,'洗发',1,1,0,'2014-10-15 18:31:55','2014-10-15 18:31:55'),(276,274,'护发',1,2,0,'2014-10-15 18:31:55','2014-10-15 18:31:55'),(277,274,'染发',1,3,0,'2014-10-15 18:31:55','2014-10-15 18:31:55'),(278,274,'造型',1,4,0,'2014-10-15 18:31:55','2014-10-15 18:31:55'),(279,274,'假发',1,5,0,'2014-10-15 18:31:55','2014-10-15 18:31:55'),(280,274,'套装',1,6,0,'2014-10-15 18:31:55','2014-10-15 18:31:55'),(281,249,'香水彩妆',1,6,1,'2014-10-15 18:31:55','2014-10-15 18:31:55'),(282,281,'香水',1,1,0,'2014-10-15 18:31:55','2014-10-15 18:31:55'),(283,281,'底妆',1,2,0,'2014-10-15 18:31:55','2014-10-15 18:31:55'),(284,281,'腮红',1,3,0,'2014-10-15 18:31:55','2014-10-15 18:31:55'),(285,281,'眼部',1,4,0,'2014-10-15 18:31:55','2014-10-15 18:31:55'),(286,281,'唇部',1,5,0,'2014-10-15 18:31:55','2014-10-15 18:31:55'),(287,281,'美甲',1,6,0,'2014-10-15 18:31:55','2014-10-15 18:31:55'),(288,281,'美容工具',1,7,0,'2014-10-15 18:31:55','2014-10-15 18:31:55'),(289,281,'套装',1,8,0,'2014-10-15 18:31:55','2014-10-15 18:31:55'),(290,0,'钟表',1,5,1,'2014-10-15 18:31:55','2014-10-15 18:31:55'),(291,290,'钟表',1,1,1,'2014-10-15 18:31:55','2014-10-15 18:31:55'),(292,291,'男表',1,1,0,'2014-10-15 18:31:55','2014-10-15 18:31:55'),(293,291,'女表',1,2,0,'2014-10-15 18:31:55','2014-10-15 18:31:55'),(294,291,'儿童手表',1,3,0,'2014-10-15 18:31:55','2014-10-15 18:31:55'),(295,291,'座钟挂钟',1,4,0,'2014-10-15 18:31:55','2014-10-15 18:31:55'),(296,0,'母婴',1,6,1,'2014-10-15 18:31:55','2014-10-15 18:31:55'),(297,296,'奶粉',1,1,1,'2014-10-15 18:31:55','2014-10-15 18:31:55'),(298,297,'婴幼奶粉',1,1,0,'2014-10-15 18:31:55','2014-10-15 18:31:55'),(299,297,'成人奶粉',1,2,0,'2014-10-15 18:31:55','2014-10-15 18:31:55'),(300,296,'营养辅食',1,2,1,'2014-10-15 18:31:55','2014-10-15 18:31:55'),(301,300,'益生菌/初乳',1,1,0,'2014-10-15 18:31:55','2014-10-15 18:31:55'),(302,300,'米粉/菜粉',1,2,0,'2014-10-15 18:31:55','2014-10-15 18:31:55'),(303,300,'果泥/果汁',1,3,0,'2014-10-15 18:31:55','2014-10-15 18:31:55'),(304,300,'DHA',1,4,0,'2014-10-15 18:31:55','2014-10-15 18:31:55'),(305,300,'宝宝零食',1,5,0,'2014-10-15 18:31:55','2014-10-15 18:31:55'),(306,300,'钙铁锌/维生素',1,6,0,'2014-10-15 18:31:55','2014-10-15 18:31:55'),(307,300,'清火/开胃',1,7,0,'2014-10-15 18:31:55','2014-10-15 18:31:55'),(308,300,'面条/粥',1,8,0,'2014-10-15 18:31:55','2014-10-15 18:31:55'),(309,296,'尿裤湿巾',1,3,1,'2014-10-15 18:31:55','2014-10-15 18:31:55'),(310,309,'婴儿尿裤',1,1,0,'2014-10-15 18:31:55','2014-10-15 18:31:55'),(311,309,'拉拉裤',1,2,0,'2014-10-15 18:31:55','2014-10-15 18:31:55'),(312,309,'湿巾',1,3,0,'2014-10-15 18:31:55','2014-10-15 18:31:55'),(313,309,'成人尿裤',1,4,0,'2014-10-15 18:31:55','2014-10-15 18:31:55'),(314,296,'喂养用品',1,4,1,'2014-10-15 18:31:55','2014-10-15 18:31:55'),(315,314,'奶瓶奶嘴',1,1,0,'2014-10-15 18:31:55','2014-10-15 18:31:55'),(316,314,'吸奶器',1,2,0,'2014-10-15 18:31:55','2014-10-15 18:31:55'),(317,314,'暖奶消毒',1,3,0,'2014-10-15 18:31:55','2014-10-15 18:31:55'),(318,314,'碗盘叉勺',1,4,0,'2014-10-15 18:31:55','2014-10-15 18:31:55'),(319,314,'水壶/水杯',1,5,0,'2014-10-15 18:31:55','2014-10-15 18:31:55'),(320,314,'牙胶安抚',1,6,0,'2014-10-15 18:31:55','2014-10-15 18:31:55'),(321,314,'辅食料理机',1,7,0,'2014-10-15 18:31:55','2014-10-15 18:31:55'),(322,296,'洗护用品',1,5,1,'2014-10-15 18:31:55','2014-10-15 18:31:55'),(323,322,'宝宝护肤',1,1,0,'2014-10-15 18:31:55','2014-10-15 18:31:55'),(324,322,'宝宝洗浴',1,2,0,'2014-10-15 18:31:55','2014-10-15 18:31:55'),(325,322,'奶瓶清洗',1,3,0,'2014-10-15 18:31:55','2014-10-15 18:31:55'),(326,322,'驱蚊防蚊',1,4,0,'2014-10-15 18:31:55','2014-10-15 18:31:55'),(327,322,'理发器',1,5,0,'2014-10-15 18:31:55','2014-10-15 18:31:55'),(328,322,'洗衣液/皂',1,6,0,'2014-10-15 18:31:55','2014-10-15 18:31:55'),(329,322,'日常护理',1,7,0,'2014-10-15 18:31:55','2014-10-15 18:31:55'),(330,322,'座便器',1,8,0,'2014-10-15 18:31:55','2014-10-15 18:31:55'),(331,296,'童车童床',1,6,1,'2014-10-15 18:31:55','2014-10-15 18:31:55'),(332,331,'婴儿推车',1,1,0,'2014-10-15 18:31:55','2014-10-15 18:31:55'),(333,331,'餐椅摇椅',1,2,0,'2014-10-15 18:31:55','2014-10-15 18:31:55'),(334,331,'婴儿床',1,3,0,'2014-10-15 18:31:55','2014-10-15 18:31:55'),(335,331,'学步车',1,4,0,'2014-10-15 18:31:55','2014-10-15 18:31:55'),(336,331,'三轮车',1,5,0,'2014-10-15 18:31:55','2014-10-15 18:31:55'),(337,331,'自行车',1,6,0,'2014-10-15 18:31:55','2014-10-15 18:31:55'),(338,331,'电动车',1,7,0,'2014-10-15 18:31:55','2014-10-15 18:31:55'),(339,331,'扭扭车',1,8,0,'2014-10-15 18:31:55','2014-10-15 18:31:55'),(340,331,'滑板车',1,9,0,'2014-10-15 18:31:55','2014-10-15 18:31:55'),(341,296,'寝居服饰',1,7,1,'2014-10-15 18:31:55','2014-10-15 18:31:55'),(342,341,'婴儿外出服',1,1,0,'2014-10-15 18:31:55','2014-10-15 18:31:55'),(343,341,'婴儿内衣',1,2,0,'2014-10-15 18:31:55','2014-10-15 18:31:55'),(344,341,'婴儿礼盒',1,3,0,'2014-10-15 18:31:55','2014-10-15 18:31:55'),(345,341,'婴儿鞋帽袜',1,4,0,'2014-10-15 18:31:55','2014-10-15 18:31:55'),(346,341,'安全防护',1,5,0,'2014-10-15 18:31:55','2014-10-15 18:31:55'),(347,341,'家居床品',1,6,0,'2014-10-15 18:31:55','2014-10-15 18:31:55'),(348,296,'妈妈专区',1,8,1,'2014-10-15 18:31:55','2014-10-15 18:31:55'),(349,348,'妈咪包/背婴带',1,1,0,'2014-10-15 18:31:55','2014-10-15 18:31:55'),(350,348,'产后塑身',1,2,0,'2014-10-15 18:31:55','2014-10-15 18:31:55'),(351,348,'文胸/内裤',1,3,0,'2014-10-15 18:31:55','2014-10-15 18:31:55'),(352,348,'防辐射服',1,4,0,'2014-10-15 18:31:55','2014-10-15 18:31:55'),(353,348,'孕妇装',1,5,0,'2014-10-15 18:31:55','2014-10-15 18:31:55'),(354,348,'孕期营养',1,6,0,'2014-10-15 18:31:55','2014-10-15 18:31:55'),(355,348,'孕妈美容',1,7,0,'2014-10-15 18:31:55','2014-10-15 18:31:55'),(356,348,'待产/新生',1,8,0,'2014-10-15 18:31:55','2014-10-15 18:31:55'),(357,348,'月子装',1,9,0,'2014-10-15 18:31:55','2014-10-15 18:31:55'),(358,296,'童装童鞋',1,9,1,'2014-10-15 18:31:55','2014-10-15 18:31:55'),(359,358,'套装',1,1,0,'2014-10-15 18:31:55','2014-10-15 18:31:55'),(360,358,'上衣',1,2,0,'2014-10-15 18:31:55','2014-10-15 18:31:55'),(361,358,'裤子',1,3,0,'2014-10-15 18:31:55','2014-10-15 18:31:55'),(362,358,'裙子',1,4,0,'2014-10-15 18:31:55','2014-10-15 18:31:55'),(363,358,'内衣/家居服',1,5,0,'2014-10-15 18:31:55','2014-10-15 18:31:55'),(364,358,'羽绒服/棉服',1,6,0,'2014-10-15 18:31:55','2014-10-15 18:31:55'),(365,358,'亲子装',1,7,0,'2014-10-15 18:31:55','2014-10-15 18:31:55'),(366,358,'儿童配饰',1,8,0,'2014-10-15 18:31:55','2014-10-15 18:31:55'),(367,358,'礼服/演出服',1,9,0,'2014-10-15 18:31:55','2014-10-15 18:31:55'),(368,358,'运动鞋',1,10,0,'2014-10-15 18:31:55','2014-10-15 18:31:55'),(369,358,'皮鞋/帆布鞋',1,11,0,'2014-10-15 18:31:55','2014-10-15 18:31:55'),(370,358,'靴子',1,12,0,'2014-10-15 18:31:55','2014-10-15 18:31:55'),(371,358,'凉鞋',1,13,0,'2014-10-15 18:31:55','2014-10-15 18:31:55'),(372,358,'功能鞋',1,14,0,'2014-10-15 18:31:55','2014-10-15 18:31:55'),(373,358,'户外/运动服',1,15,0,'2014-10-15 18:31:55','2014-10-15 18:31:55'),(374,296,'安全座椅',1,10,1,'2014-10-15 18:31:55','2014-10-15 18:31:55'),(375,374,'提篮式',1,1,0,'2014-10-15 18:31:55','2014-10-15 18:31:55'),(376,374,'安全座椅',1,2,0,'2014-10-15 18:31:55','2014-10-15 18:31:55'),(377,374,'增高垫',1,3,0,'2014-10-15 18:31:55','2014-10-15 18:31:55'),(378,0,'食品饮料、保健食品',1,7,1,'2014-10-15 18:31:55','2014-10-15 18:31:55'),(379,378,'进口食品',1,1,1,'2014-10-15 18:31:55','2014-10-15 18:31:55'),(380,379,'饼干蛋糕',1,1,0,'2014-10-15 18:31:55','2014-10-15 18:31:55'),(381,379,'糖果/巧克力',1,2,0,'2014-10-15 18:31:55','2014-10-15 18:31:55'),(382,379,'休闲零食',1,3,0,'2014-10-15 18:31:55','2014-10-15 18:31:55'),(383,379,'冲调饮品',1,4,0,'2014-10-15 18:31:55','2014-10-15 18:31:55'),(384,379,'粮油调味',1,5,0,'2014-10-15 18:31:55','2014-10-15 18:31:55'),(385,379,'牛奶',1,6,0,'2014-10-15 18:31:55','2014-10-15 18:31:55'),(386,378,'地方特产',1,2,1,'2014-10-15 18:31:55','2014-10-15 18:31:55'),(387,386,'其他特产',1,1,0,'2014-10-15 18:31:55','2014-10-15 18:31:55'),(388,386,'新疆',1,2,0,'2014-10-15 18:31:55','2014-10-15 18:31:55'),(389,386,'北京',1,3,0,'2014-10-15 18:31:55','2014-10-15 18:31:55'),(390,386,'山西',1,4,0,'2014-10-15 18:31:55','2014-10-15 18:31:55'),(391,386,'内蒙古',1,5,0,'2014-10-15 18:31:55','2014-10-15 18:31:55'),(392,386,'福建',1,6,0,'2014-10-15 18:31:55','2014-10-15 18:31:55'),(393,386,'湖南',1,7,0,'2014-10-15 18:31:55','2014-10-15 18:31:55'),(394,386,'四川',1,8,0,'2014-10-15 18:31:55','2014-10-15 18:31:55'),(395,386,'云南',1,9,0,'2014-10-15 18:31:55','2014-10-15 18:31:55'),(396,386,'东北',1,10,0,'2014-10-15 18:31:55','2014-10-15 18:31:55'),(397,378,'休闲食品',1,3,1,'2014-10-15 18:31:55','2014-10-15 18:31:55'),(398,397,'休闲零食',1,1,0,'2014-10-15 18:31:55','2014-10-15 18:31:55'),(399,397,'坚果炒货',1,2,0,'2014-10-15 18:31:55','2014-10-15 18:31:55'),(400,397,'肉干肉脯',1,3,0,'2014-10-15 18:31:55','2014-10-15 18:31:55'),(401,397,'蜜饯果干',1,4,0,'2014-10-15 18:31:55','2014-10-15 18:31:55'),(402,397,'糖果/巧克力',1,5,0,'2014-10-15 18:31:55','2014-10-15 18:31:55'),(403,397,'饼干蛋糕',1,6,0,'2014-10-15 18:31:55','2014-10-15 18:31:55'),(404,397,'无糖食品',1,7,0,'2014-10-15 18:31:55','2014-10-15 18:31:55'),(405,378,'粮油调味',1,4,1,'2014-10-15 18:31:55','2014-10-15 18:31:55'),(406,405,'米面杂粮',1,1,0,'2014-10-15 18:31:55','2014-10-15 18:31:55'),(407,405,'食用油',1,2,0,'2014-10-15 18:31:55','2014-10-15 18:31:55'),(408,405,'调味品',1,3,0,'2014-10-15 18:31:55','2014-10-15 18:31:55'),(409,405,'南北干货',1,4,0,'2014-10-15 18:31:55','2014-10-15 18:31:55'),(410,405,'方便食品',1,5,0,'2014-10-15 18:31:55','2014-10-15 18:31:55'),(411,405,'有机食品',1,6,0,'2014-10-15 18:31:55','2014-10-15 18:31:55'),(412,378,'饮料冲调',1,5,1,'2014-10-15 18:31:55','2014-10-15 18:31:55'),(413,412,'饮用水',1,1,0,'2014-10-15 18:31:55','2014-10-15 18:31:55'),(414,412,'饮料',1,2,0,'2014-10-15 18:31:55','2014-10-15 18:31:55'),(415,412,'牛奶乳品',1,3,0,'2014-10-15 18:31:55','2014-10-15 18:31:55'),(416,412,'咖啡/奶茶',1,4,0,'2014-10-15 18:31:55','2014-10-15 18:31:55'),(417,412,'冲饮谷物',1,5,0,'2014-10-15 18:31:55','2014-10-15 18:31:55'),(418,412,'蜂蜜/柚子茶',1,6,0,'2014-10-15 18:31:55','2014-10-15 18:31:55'),(419,412,'成人奶粉',1,7,0,'2014-10-15 18:31:55','2014-10-15 18:31:55'),(420,378,'食品礼券',1,6,1,'2014-10-15 18:31:55','2014-10-15 18:31:55'),(421,420,'月饼',1,1,0,'2014-10-15 18:31:55','2014-10-15 18:31:55'),(422,420,'大闸蟹',1,2,0,'2014-10-15 18:31:55','2014-10-15 18:31:55'),(423,420,'粽子',1,3,0,'2014-10-15 18:31:55','2014-10-15 18:31:55'),(424,420,'卡券',1,4,0,'2014-10-15 18:31:55','2014-10-15 18:31:55'),(425,378,'茗茶',1,7,1,'2014-10-15 18:31:55','2014-10-15 18:31:55'),(426,425,'铁观音',1,1,0,'2014-10-15 18:31:55','2014-10-15 18:31:55'),(427,425,'普洱',1,2,0,'2014-10-15 18:31:55','2014-10-15 18:31:55'),(428,425,'龙井',1,3,0,'2014-10-15 18:31:55','2014-10-15 18:31:55'),(429,425,'绿茶',1,4,0,'2014-10-15 18:31:55','2014-10-15 18:31:55'),(430,425,'红茶',1,5,0,'2014-10-15 18:31:55','2014-10-15 18:31:55'),(431,425,'乌龙茶',1,6,0,'2014-10-15 18:31:55','2014-10-15 18:31:55'),(432,425,'花草茶',1,7,0,'2014-10-15 18:31:55','2014-10-15 18:31:55'),(433,425,'花果茶',1,8,0,'2014-10-15 18:31:55','2014-10-15 18:31:55'),(434,425,'养生茶',1,9,0,'2014-10-15 18:31:55','2014-10-15 18:31:55'),(435,425,'黑茶',1,10,0,'2014-10-15 18:31:55','2014-10-15 18:31:55'),(436,425,'白茶',1,11,0,'2014-10-15 18:31:55','2014-10-15 18:31:55'),(437,425,'其它茶',1,12,0,'2014-10-15 18:31:55','2014-10-15 18:31:55'),(438,0,'汽车用品',1,8,1,'2014-10-15 18:31:55','2014-10-15 18:31:55'),(439,438,'维修保养',1,1,1,'2014-10-15 18:31:55','2014-10-15 18:31:55'),(440,439,'润滑油',1,1,0,'2014-10-15 18:31:55','2014-10-15 18:31:55'),(441,439,'添加剂',1,2,0,'2014-10-15 18:31:55','2014-10-15 18:31:55'),(442,439,'防冻液',1,3,0,'2014-10-15 18:31:55','2014-10-15 18:31:55'),(443,439,'滤清器',1,4,0,'2014-10-15 18:31:55','2014-10-15 18:31:55'),(444,439,'火花塞',1,5,0,'2014-10-15 18:31:55','2014-10-15 18:31:55'),(445,439,'雨刷',1,6,0,'2014-10-15 18:31:55','2014-10-15 18:31:55'),(446,439,'车灯',1,7,0,'2014-10-15 18:31:55','2014-10-15 18:31:55'),(447,439,'后视镜',1,8,0,'2014-10-15 18:31:55','2014-10-15 18:31:55'),(448,439,'轮胎',1,9,0,'2014-10-15 18:31:55','2014-10-15 18:31:55'),(449,439,'轮毂',1,10,0,'2014-10-15 18:31:55','2014-10-15 18:31:55'),(450,439,'刹车片/盘',1,11,0,'2014-10-15 18:31:55','2014-10-15 18:31:55'),(451,439,'喇叭/皮带',1,12,0,'2014-10-15 18:31:55','2014-10-15 18:31:55'),(452,439,'蓄电池',1,13,0,'2014-10-15 18:31:55','2014-10-15 18:31:55'),(453,439,'底盘装甲/护板',1,14,0,'2014-10-15 18:31:55','2014-10-15 18:31:55'),(454,439,'贴膜',1,15,0,'2014-10-15 18:31:55','2014-10-15 18:31:55'),(455,439,'汽修工具',1,16,0,'2014-10-15 18:31:55','2014-10-15 18:31:55'),(456,438,'车载电器',1,2,1,'2014-10-15 18:31:55','2014-10-15 18:31:55'),(457,456,'导航仪',1,1,0,'2014-10-15 18:31:55','2014-10-15 18:31:55'),(458,456,'安全预警仪',1,2,0,'2014-10-15 18:31:55','2014-10-15 18:31:55'),(459,456,'行车记录仪',1,3,0,'2014-10-15 18:31:55','2014-10-15 18:31:55'),(460,456,'倒车雷达',1,4,0,'2014-10-15 18:31:55','2014-10-15 18:31:55'),(461,456,'蓝牙设备',1,5,0,'2014-10-15 18:31:55','2014-10-15 18:31:55'),(462,456,'时尚影音',1,6,0,'2014-10-15 18:31:55','2014-10-15 18:31:55'),(463,456,'净化器',1,7,0,'2014-10-15 18:31:55','2014-10-15 18:31:55'),(464,456,'电源',1,8,0,'2014-10-15 18:31:55','2014-10-15 18:31:55'),(465,456,'冰箱',1,9,0,'2014-10-15 18:31:55','2014-10-15 18:31:55'),(466,456,'吸尘器',1,10,0,'2014-10-15 18:31:55','2014-10-15 18:31:55'),(467,438,'美容清洗',1,3,1,'2014-10-15 18:31:55','2014-10-15 18:31:55'),(468,467,'车蜡',1,1,0,'2014-10-15 18:31:55','2014-10-15 18:31:55'),(469,467,'补漆笔',1,2,0,'2014-10-15 18:31:55','2014-10-15 18:31:55'),(470,467,'玻璃水',1,3,0,'2014-10-15 18:31:55','2014-10-15 18:31:55'),(471,467,'清洁剂',1,4,0,'2014-10-15 18:31:55','2014-10-15 18:31:55'),(472,467,'洗车工具',1,5,0,'2014-10-15 18:31:55','2014-10-15 18:31:55'),(473,467,'洗车配件',1,6,0,'2014-10-15 18:31:55','2014-10-15 18:31:55'),(474,438,'汽车装饰',1,4,1,'2014-10-15 18:31:55','2014-10-15 18:31:55'),(475,474,'脚垫',1,1,0,'2014-10-15 18:31:55','2014-10-15 18:31:55'),(476,474,'座垫',1,2,0,'2014-10-15 18:31:55','2014-10-15 18:31:55'),(477,474,'座套',1,3,0,'2014-10-15 18:31:55','2014-10-15 18:31:55'),(478,474,'后备箱垫',1,4,0,'2014-10-15 18:31:55','2014-10-15 18:31:55'),(479,474,'头枕腰靠',1,5,0,'2014-10-15 18:31:55','2014-10-15 18:31:55'),(480,474,'香水',1,6,0,'2014-10-15 18:31:55','2014-10-15 18:31:55'),(481,474,'空气净化',1,7,0,'2014-10-15 18:31:55','2014-10-15 18:31:55'),(482,474,'车内饰品',1,8,0,'2014-10-15 18:31:55','2014-10-15 18:31:55'),(483,474,'功能小件',1,9,0,'2014-10-15 18:31:55','2014-10-15 18:31:55'),(484,474,'车身装饰件',1,10,0,'2014-10-15 18:31:55','2014-10-15 18:31:55'),(485,474,'车衣',1,11,0,'2014-10-15 18:31:55','2014-10-15 18:31:55'),(486,438,'安全自驾',1,5,1,'2014-10-15 18:31:55','2014-10-15 18:31:55'),(487,486,'安全座椅',1,1,0,'2014-10-15 18:31:55','2014-10-15 18:31:55'),(488,486,'胎压充气',1,2,0,'2014-10-15 18:31:55','2014-10-15 18:31:55'),(489,486,'防盗设备',1,3,0,'2014-10-15 18:31:55','2014-10-15 18:31:55'),(490,486,'应急救援',1,4,0,'2014-10-15 18:31:55','2014-10-15 18:31:55'),(491,486,'保温箱',1,5,0,'2014-10-15 18:31:55','2014-10-15 18:31:55'),(492,486,'储物箱',1,6,0,'2014-10-15 18:31:55','2014-10-15 18:31:55'),(493,486,'自驾野营',1,7,0,'2014-10-15 18:31:55','2014-10-15 18:31:55'),(494,486,'摩托车装备',1,8,0,'2014-10-15 18:31:55','2014-10-15 18:31:55'),(495,0,'玩具乐器',1,9,1,'2014-10-15 18:31:55','2014-10-15 18:31:55'),(496,495,'适用年龄',1,1,1,'2014-10-15 18:31:55','2014-10-15 18:31:55'),(497,496,'0-6个月',1,1,0,'2014-10-15 18:31:55','2014-10-15 18:31:55'),(498,496,'6-12个月',1,2,0,'2014-10-15 18:31:55','2014-10-15 18:31:55'),(499,496,'1-3岁',1,3,0,'2014-10-15 18:31:55','2014-10-15 18:31:55'),(500,496,'3-6岁',1,4,0,'2014-10-15 18:31:55','2014-10-15 18:31:55'),(501,496,'6-14岁',1,5,0,'2014-10-15 18:31:55','2014-10-15 18:31:55'),(502,496,'14岁以上',1,6,0,'2014-10-15 18:31:55','2014-10-15 18:31:55'),(503,495,'遥控/电动',1,2,1,'2014-10-15 18:31:55','2014-10-15 18:31:55'),(504,503,'遥控车',1,1,0,'2014-10-15 18:31:55','2014-10-15 18:31:55'),(505,503,'遥控飞机',1,2,0,'2014-10-15 18:31:55','2014-10-15 18:31:55'),(506,503,'遥控船',1,3,0,'2014-10-15 18:31:55','2014-10-15 18:31:55'),(507,503,'机器人/电动',1,4,0,'2014-10-15 18:31:55','2014-10-15 18:31:55'),(508,503,'轨道/助力',1,5,0,'2014-10-15 18:31:55','2014-10-15 18:31:55'),(509,495,'毛绒布艺',1,3,1,'2014-10-15 18:31:55','2014-10-15 18:31:55'),(510,509,'毛绒/布艺',1,1,0,'2014-10-15 18:31:55','2014-10-15 18:31:55'),(511,509,'靠垫/抱枕',1,2,0,'2014-10-15 18:31:55','2014-10-15 18:31:55'),(512,495,'娃娃玩具',1,4,1,'2014-10-15 18:31:55','2014-10-15 18:31:55'),(513,512,'芭比娃娃',1,1,0,'2014-10-15 18:31:55','2014-10-15 18:31:55'),(514,512,'卡通娃娃',1,2,0,'2014-10-15 18:31:55','2014-10-15 18:31:55'),(515,512,'智能娃娃',1,3,0,'2014-10-15 18:31:55','2014-10-15 18:31:55'),(516,495,'模型玩具',1,5,1,'2014-10-15 18:31:55','2014-10-15 18:31:55'),(517,516,'仿真模型',1,1,0,'2014-10-15 18:31:55','2014-10-15 18:31:55'),(518,516,'拼插模型',1,2,0,'2014-10-15 18:31:55','2014-10-15 18:31:55'),(519,516,'收藏爱好',1,3,0,'2014-10-15 18:31:55','2014-10-15 18:31:55'),(520,495,'健身玩具',1,6,1,'2014-10-15 18:31:55','2014-10-15 18:31:55'),(521,520,'炫舞毯',1,1,0,'2014-10-15 18:31:55','2014-10-15 18:31:55'),(522,520,'爬行垫/毯',1,2,0,'2014-10-15 18:31:55','2014-10-15 18:31:55'),(523,520,'户外玩具',1,3,0,'2014-10-15 18:31:55','2014-10-15 18:31:55'),(524,520,'戏水玩具',1,4,0,'2014-10-15 18:31:55','2014-10-15 18:31:55'),(525,495,'动漫玩具',1,7,1,'2014-10-15 18:31:55','2014-10-15 18:31:55'),(526,525,'电影周边',1,1,0,'2014-10-15 18:31:55','2014-10-15 18:31:55'),(527,525,'卡通周边',1,2,0,'2014-10-15 18:31:55','2014-10-15 18:31:55'),(528,525,'网游周边',1,3,0,'2014-10-15 18:31:55','2014-10-15 18:31:55'),(529,495,'益智玩具',1,8,1,'2014-10-15 18:31:55','2014-10-15 18:31:55'),(530,529,'摇铃/床铃',1,1,0,'2014-10-15 18:31:55','2014-10-15 18:31:55'),(531,529,'健身架',1,2,0,'2014-10-15 18:31:55','2014-10-15 18:31:55'),(532,529,'早教启智',1,3,0,'2014-10-15 18:31:55','2014-10-15 18:31:55'),(533,529,'拖拉玩具',1,4,0,'2014-10-15 18:31:55','2014-10-15 18:31:55'),(534,495,'积木拼插',1,9,1,'2014-10-15 18:31:55','2014-10-15 18:31:55'),(535,534,'积木',1,1,0,'2014-10-15 18:31:55','2014-10-15 18:31:55'),(536,534,'拼图',1,2,0,'2014-10-15 18:31:55','2014-10-15 18:31:55'),(537,534,'磁力棒',1,3,0,'2014-10-15 18:31:55','2014-10-15 18:31:55'),(538,534,'立体拼插',1,4,0,'2014-10-15 18:31:55','2014-10-15 18:31:55'),(539,495,'DIY玩具',1,10,1,'2014-10-15 18:31:55','2014-10-15 18:31:55'),(540,539,'手工彩泥',1,1,0,'2014-10-15 18:31:55','2014-10-15 18:31:55'),(541,539,'绘画工具',1,2,0,'2014-10-15 18:31:55','2014-10-15 18:31:55'),(542,539,'情景玩具',1,3,0,'2014-10-15 18:31:55','2014-10-15 18:31:55'),(543,495,'创意减压',1,11,1,'2014-10-15 18:31:55','2014-10-15 18:31:55'),(544,543,'减压玩具',1,1,0,'2014-10-15 18:31:55','2014-10-15 18:31:55'),(545,543,'创意玩具',1,2,0,'2014-10-15 18:31:55','2014-10-15 18:31:55'),(546,495,'乐器相关',1,12,1,'2014-10-15 18:31:55','2014-10-15 18:31:55'),(547,546,'钢琴',1,1,0,'2014-10-15 18:31:55','2014-10-15 18:31:55'),(548,546,'电子琴',1,2,0,'2014-10-15 18:31:55','2014-10-15 18:31:55'),(549,546,'手风琴',1,3,0,'2014-10-15 18:31:55','2014-10-15 18:31:55'),(550,546,'吉他/贝斯',1,4,0,'2014-10-15 18:31:55','2014-10-15 18:31:55'),(551,546,'民族管弦乐器',1,5,0,'2014-10-15 18:31:55','2014-10-15 18:31:55'),(552,546,'西洋管弦乐',1,6,0,'2014-10-15 18:31:55','2014-10-15 18:31:55'),(553,546,'口琴/口风琴/竖笛',1,7,0,'2014-10-15 18:31:55','2014-10-15 18:31:55'),(554,546,'西洋打击乐器',1,8,0,'2014-10-15 18:31:55','2014-10-15 18:31:55'),(555,546,'各式乐器配件',1,9,0,'2014-10-15 18:31:55','2014-10-15 18:31:55'),(556,546,'电脑音乐',1,10,0,'2014-10-15 18:31:55','2014-10-15 18:31:55'),(557,546,'工艺礼品乐器',1,11,0,'2014-10-15 18:31:55','2014-10-15 18:31:55'),(558,0,'手机',1,10,1,'2014-10-15 18:31:55','2014-10-15 18:31:55'),(559,558,'手机通讯',1,1,1,'2014-10-15 18:31:55','2014-10-15 18:31:55'),(560,559,'手机',1,1,0,'2014-10-15 18:31:55','2014-10-15 18:31:55'),(561,559,'对讲机',1,2,0,'2014-10-15 18:31:55','2014-10-15 18:31:55'),(562,558,'运营商',1,2,1,'2014-10-15 18:31:55','2014-10-15 18:31:55'),(563,562,'购机送费',1,1,0,'2014-10-15 18:31:55','2014-10-15 18:31:55'),(564,562,'“0”元购机',1,2,0,'2014-10-15 18:31:55','2014-10-15 18:31:55'),(565,562,'选号中心',1,3,0,'2014-10-15 18:31:55','2014-10-15 18:31:55'),(566,562,'选号入网',1,4,0,'2014-10-15 18:31:55','2014-10-15 18:31:55'),(567,558,'手机配件',1,3,1,'2014-10-15 18:31:55','2014-10-15 18:31:55'),(568,567,'手机电池',1,1,0,'2014-10-15 18:31:55','2014-10-15 18:31:55'),(569,567,'蓝牙耳机',1,2,0,'2014-10-15 18:31:55','2014-10-15 18:31:55'),(570,567,'充电器/数据线',1,3,0,'2014-10-15 18:31:55','2014-10-15 18:31:55'),(571,567,'手机耳机',1,4,0,'2014-10-15 18:31:55','2014-10-15 18:31:55'),(572,567,'手机贴膜',1,5,0,'2014-10-15 18:31:55','2014-10-15 18:31:55'),(573,567,'手机存储卡',1,6,0,'2014-10-15 18:31:55','2014-10-15 18:31:55'),(574,567,'手机保护套',1,7,0,'2014-10-15 18:31:55','2014-10-15 18:31:55'),(575,567,'车载配件',1,8,0,'2014-10-15 18:31:55','2014-10-15 18:31:55'),(576,567,'iPhone 配件',1,9,0,'2014-10-15 18:31:55','2014-10-15 18:31:55'),(577,567,'创意配件',1,10,0,'2014-10-15 18:31:55','2014-10-15 18:31:55'),(578,567,'便携/无线音响',1,11,0,'2014-10-15 18:31:55','2014-10-15 18:31:55'),(579,567,'手机饰品',1,12,0,'2014-10-15 18:31:55','2014-10-15 18:31:55'),(580,0,'数码',1,11,1,'2014-10-15 18:31:55','2014-10-15 18:31:55'),(581,580,'摄影摄像',1,1,1,'2014-10-15 18:31:55','2014-10-15 18:31:55'),(582,581,'数码相机',1,1,0,'2014-10-15 18:31:55','2014-10-15 18:31:55'),(583,581,'单电/微单相机',1,2,0,'2014-10-15 18:31:55','2014-10-15 18:31:55'),(584,581,'单反相机',1,3,0,'2014-10-15 18:31:55','2014-10-15 18:31:55'),(585,581,'摄像机',1,4,0,'2014-10-15 18:31:55','2014-10-15 18:31:55'),(586,581,'拍立得',1,5,0,'2014-10-15 18:31:55','2014-10-15 18:31:55'),(587,581,'运动相机',1,6,0,'2014-10-15 18:31:55','2014-10-15 18:31:55'),(588,581,'镜头',1,7,0,'2014-10-15 18:31:55','2014-10-15 18:31:55'),(589,581,'户外器材',1,8,0,'2014-10-15 18:31:55','2014-10-15 18:31:55'),(590,581,'影棚器材',1,9,0,'2014-10-15 18:31:55','2014-10-15 18:31:55'),(591,580,'数码配件',1,2,1,'2014-10-15 18:31:55','2014-10-15 18:31:55'),(592,591,'存储卡',1,1,0,'2014-10-15 18:31:55','2014-10-15 18:31:55'),(593,591,'读卡器',1,2,0,'2014-10-15 18:31:55','2014-10-15 18:31:55'),(594,591,'滤镜',1,3,0,'2014-10-15 18:31:55','2014-10-15 18:31:55'),(595,591,'闪光灯/手柄',1,4,0,'2014-10-15 18:31:55','2014-10-15 18:31:55'),(596,591,'相机包',1,5,0,'2014-10-15 18:31:55','2014-10-15 18:31:55'),(597,591,'三脚架/云台',1,6,0,'2014-10-15 18:31:55','2014-10-15 18:31:55'),(598,591,'相机清洁',1,7,0,'2014-10-15 18:31:55','2014-10-15 18:31:55'),(599,591,'相机贴膜',1,8,0,'2014-10-15 18:31:55','2014-10-15 18:31:55'),(600,591,'机身附件',1,9,0,'2014-10-15 18:31:55','2014-10-15 18:31:55'),(601,591,'镜头附件',1,10,0,'2014-10-15 18:31:55','2014-10-15 18:31:55'),(602,591,'电池/充电器',1,11,0,'2014-10-15 18:31:55','2014-10-15 18:31:55'),(603,591,'移动电源',1,12,0,'2014-10-15 18:31:55','2014-10-15 18:31:55'),(604,580,'智能设备',1,3,1,'2014-10-15 18:31:55','2014-10-15 18:31:55'),(605,604,'智能手环',1,1,0,'2014-10-15 18:31:55','2014-10-15 18:31:55'),(606,604,'智能手表',1,2,0,'2014-10-15 18:31:55','2014-10-15 18:31:55'),(607,604,'智能眼镜',1,3,0,'2014-10-15 18:31:55','2014-10-15 18:31:55'),(608,604,'运动跟踪器',1,4,0,'2014-10-15 18:31:55','2014-10-15 18:31:55'),(609,604,'健康监测',1,5,0,'2014-10-15 18:31:55','2014-10-15 18:31:55'),(610,604,'智能配饰',1,6,0,'2014-10-15 18:31:55','2014-10-15 18:31:55'),(611,604,'智能家居',1,7,0,'2014-10-15 18:31:55','2014-10-15 18:31:55'),(612,604,'体感车',1,8,0,'2014-10-15 18:31:55','2014-10-15 18:31:55'),(613,604,'其他配件',1,9,0,'2014-10-15 18:31:55','2014-10-15 18:31:55'),(614,580,'时尚影音',1,4,1,'2014-10-15 18:31:55','2014-10-15 18:31:55'),(615,614,'MP3/MP4',1,1,0,'2014-10-15 18:31:55','2014-10-15 18:31:55'),(616,614,'智能设备',1,2,0,'2014-10-15 18:31:55','2014-10-15 18:31:55'),(617,614,'耳机/耳麦',1,3,0,'2014-10-15 18:31:55','2014-10-15 18:31:55'),(618,614,'音箱',1,4,0,'2014-10-15 18:31:55','2014-10-15 18:31:55'),(619,614,'高清播放器',1,5,0,'2014-10-15 18:31:55','2014-10-15 18:31:55'),(620,614,'MP3/MP4配件',1,6,0,'2014-10-15 18:31:55','2014-10-15 18:31:55'),(621,614,'麦克风',1,7,0,'2014-10-15 18:31:55','2014-10-15 18:31:55'),(622,614,'专业音频',1,8,0,'2014-10-15 18:31:55','2014-10-15 18:31:55'),(623,614,'数码相框',1,9,0,'2014-10-15 18:31:55','2014-10-15 18:31:55'),(624,614,'苹果配件',1,10,0,'2014-10-15 18:31:55','2014-10-15 18:31:55'),(625,580,'电子教育',1,5,1,'2014-10-15 18:31:55','2014-10-15 18:31:55'),(626,625,'电子词典',1,1,0,'2014-10-15 18:31:55','2014-10-15 18:31:55'),(627,625,'电纸书',1,2,0,'2014-10-15 18:31:55','2014-10-15 18:31:55'),(628,625,'录音笔',1,3,0,'2014-10-15 18:31:55','2014-10-15 18:31:55'),(629,625,'复读机',1,4,0,'2014-10-15 18:31:55','2014-10-15 18:31:55'),(630,625,'点读机/笔',1,5,0,'2014-10-15 18:31:55','2014-10-15 18:31:55'),(631,625,'学生平板',1,6,0,'2014-10-15 18:31:55','2014-10-15 18:31:55'),(632,625,'早教机',1,7,0,'2014-10-15 18:31:55','2014-10-15 18:31:55'),(633,0,'家居家装',1,12,1,'2014-10-15 18:31:55','2014-10-15 18:31:55'),(634,633,'家纺',1,1,1,'2014-10-15 18:31:55','2014-10-15 18:31:55'),(635,634,'床品套件',1,1,0,'2014-10-15 18:31:55','2014-10-15 18:31:55'),(636,634,'被子',1,2,0,'2014-10-15 18:31:55','2014-10-15 18:31:55'),(637,634,'枕芯',1,3,0,'2014-10-15 18:31:55','2014-10-15 18:31:55'),(638,634,'床单被罩',1,4,0,'2014-10-15 18:31:55','2014-10-15 18:31:55'),(639,634,'毯子',1,5,0,'2014-10-15 18:31:55','2014-10-15 18:31:55'),(640,634,'床垫/床褥',1,6,0,'2014-10-15 18:31:55','2014-10-15 18:31:55'),(641,634,'蚊帐',1,7,0,'2014-10-15 18:31:55','2014-10-15 18:31:55'),(642,634,'抱枕靠垫',1,8,0,'2014-10-15 18:31:55','2014-10-15 18:31:55'),(643,634,'毛巾浴巾',1,9,0,'2014-10-15 18:31:55','2014-10-15 18:31:55'),(644,634,'电热毯',1,10,0,'2014-10-15 18:31:55','2014-10-15 18:31:55'),(645,634,'窗帘/窗纱',1,11,0,'2014-10-15 18:31:55','2014-10-15 18:31:55'),(646,634,'布艺软饰',1,12,0,'2014-10-15 18:31:55','2014-10-15 18:31:55'),(647,634,'凉席',1,13,0,'2014-10-15 18:31:55','2014-10-15 18:31:55'),(648,633,'灯具',1,2,1,'2014-10-15 18:31:55','2014-10-15 18:31:55'),(649,648,'台灯',1,1,0,'2014-10-15 18:31:55','2014-10-15 18:31:55'),(650,648,'节能灯',1,2,0,'2014-10-15 18:31:55','2014-10-15 18:31:55'),(651,648,'装饰灯',1,3,0,'2014-10-15 18:31:55','2014-10-15 18:31:55'),(652,648,'落地灯',1,4,0,'2014-10-15 18:31:55','2014-10-15 18:31:55'),(653,648,'应急灯/手电',1,5,0,'2014-10-15 18:31:55','2014-10-15 18:31:55'),(654,648,'LED灯',1,6,0,'2014-10-15 18:31:55','2014-10-15 18:31:55'),(655,648,'吸顶灯',1,7,0,'2014-10-15 18:31:55','2014-10-15 18:31:55'),(656,648,'五金电器',1,8,0,'2014-10-15 18:31:55','2014-10-15 18:31:55'),(657,648,'筒灯射灯',1,9,0,'2014-10-15 18:31:55','2014-10-15 18:31:55'),(658,648,'吊灯',1,10,0,'2014-10-15 18:31:55','2014-10-15 18:31:55'),(659,648,'氛围照明',1,11,0,'2014-10-15 18:31:55','2014-10-15 18:31:55'),(660,633,'生活日用',1,3,1,'2014-10-15 18:31:55','2014-10-15 18:31:55'),(661,660,'收纳用品',1,1,0,'2014-10-15 18:31:55','2014-10-15 18:31:55'),(662,660,'雨伞雨具',1,2,0,'2014-10-15 18:31:55','2014-10-15 18:31:55'),(663,660,'浴室用品',1,3,0,'2014-10-15 18:31:55','2014-10-15 18:31:55'),(664,660,'缝纫/针织用品',1,4,0,'2014-10-15 18:31:55','2014-10-15 18:31:55'),(665,660,'洗晒/熨烫',1,5,0,'2014-10-15 18:31:55','2014-10-15 18:31:55'),(666,660,'净化除味',1,6,0,'2014-10-15 18:31:55','2014-10-15 18:31:55'),(667,633,'家装软饰',1,4,1,'2014-10-15 18:31:55','2014-10-15 18:31:55'),(668,667,'桌布/罩件',1,1,0,'2014-10-15 18:31:55','2014-10-15 18:31:55'),(669,667,'地毯地垫',1,2,0,'2014-10-15 18:31:55','2014-10-15 18:31:55'),(670,667,'沙发垫套/椅垫',1,3,0,'2014-10-15 18:31:55','2014-10-15 18:31:55'),(671,667,'相框/照片墙',1,4,0,'2014-10-15 18:31:55','2014-10-15 18:31:55'),(672,667,'装饰字画',1,5,0,'2014-10-15 18:31:55','2014-10-15 18:31:55'),(673,667,'节庆饰品',1,6,0,'2014-10-15 18:31:55','2014-10-15 18:31:55'),(674,667,'手工/十字绣',1,7,0,'2014-10-15 18:31:55','2014-10-15 18:31:55'),(675,667,'装饰摆件',1,8,0,'2014-10-15 18:31:55','2014-10-15 18:31:55'),(676,667,'保暖防护',1,9,0,'2014-10-15 18:31:55','2014-10-15 18:31:55'),(677,667,'帘艺隔断',1,10,0,'2014-10-15 18:31:55','2014-10-15 18:31:55'),(678,667,'墙贴/装饰贴',1,11,0,'2014-10-15 18:31:55','2014-10-15 18:31:55'),(679,667,'钟饰',1,12,0,'2014-10-15 18:31:55','2014-10-15 18:31:55'),(680,667,'花瓶花艺',1,13,0,'2014-10-15 18:31:55','2014-10-15 18:31:55'),(681,667,'香薰蜡烛',1,14,0,'2014-10-15 18:31:55','2014-10-15 18:31:55'),(682,667,'创意家居',1,15,0,'2014-10-15 18:31:55','2014-10-15 18:31:55'),(683,633,'清洁用品',1,5,1,'2014-10-15 18:31:55','2014-10-15 18:31:55'),(684,683,'纸品湿巾',1,1,0,'2014-10-15 18:31:55','2014-10-15 18:31:55'),(685,683,'衣物清洁',1,2,0,'2014-10-15 18:31:55','2014-10-15 18:31:55'),(686,683,'清洁工具',1,3,0,'2014-10-15 18:31:55','2014-10-15 18:31:55'),(687,683,'驱虫用品',1,4,0,'2014-10-15 18:31:55','2014-10-15 18:31:55'),(688,683,'家庭清洁',1,5,0,'2014-10-15 18:31:55','2014-10-15 18:31:55'),(689,683,'皮具护理',1,6,0,'2014-10-15 18:31:55','2014-10-15 18:31:55'),(690,683,'一次性用品',1,7,0,'2014-10-15 18:31:55','2014-10-15 18:31:55'),(691,633,'宠物生活',1,6,1,'2014-10-15 18:31:55','2014-10-15 18:31:55'),(692,691,'宠物主粮',1,1,0,'2014-10-15 18:31:55','2014-10-15 18:31:55'),(693,691,'宠物零食',1,2,0,'2014-10-15 18:31:55','2014-10-15 18:31:55'),(694,691,'医疗保健',1,3,0,'2014-10-15 18:31:55','2014-10-15 18:31:55'),(695,691,'家居日用',1,4,0,'2014-10-15 18:31:55','2014-10-15 18:31:55'),(696,691,'宠物玩具',1,5,0,'2014-10-15 18:31:55','2014-10-15 18:31:55'),(697,691,'出行装备',1,6,0,'2014-10-15 18:31:55','2014-10-15 18:31:55'),(698,691,'洗护美容',1,7,0,'2014-10-15 18:31:55','2014-10-15 18:31:55'),(699,0,'厨具',1,13,1,'2014-10-15 18:31:55','2014-10-15 18:31:55'),(700,699,'烹饪锅具',1,1,1,'2014-10-15 18:31:55','2014-10-15 18:31:55'),(701,700,'炒锅',1,1,0,'2014-10-15 18:31:55','2014-10-15 18:31:55'),(702,700,'煎锅',1,2,0,'2014-10-15 18:31:55','2014-10-15 18:31:55'),(703,700,'压力锅',1,3,0,'2014-10-15 18:31:55','2014-10-15 18:31:55'),(704,700,'蒸锅',1,4,0,'2014-10-15 18:31:55','2014-10-15 18:31:55'),(705,700,'汤锅',1,5,0,'2014-10-15 18:31:55','2014-10-15 18:31:55'),(706,700,'奶锅',1,6,0,'2014-10-15 18:31:55','2014-10-15 18:31:55'),(707,700,'锅具套装',1,7,0,'2014-10-15 18:31:55','2014-10-15 18:31:55'),(708,700,'煲类',1,8,0,'2014-10-15 18:31:55','2014-10-15 18:31:55'),(709,700,'水壶',1,9,0,'2014-10-15 18:31:55','2014-10-15 18:31:55'),(710,700,'火锅',1,10,0,'2014-10-15 18:31:55','2014-10-15 18:31:55'),(711,699,'刀剪菜板',1,2,1,'2014-10-15 18:31:55','2014-10-15 18:31:55'),(712,711,'菜刀',1,1,0,'2014-10-15 18:31:55','2014-10-15 18:31:55'),(713,711,'剪刀',1,2,0,'2014-10-15 18:31:55','2014-10-15 18:31:55'),(714,711,'刀具套装',1,3,0,'2014-10-15 18:31:55','2014-10-15 18:31:55'),(715,711,'砧板',1,4,0,'2014-10-15 18:31:55','2014-10-15 18:31:55'),(716,711,'瓜果刀/刨',1,5,0,'2014-10-15 18:31:55','2014-10-15 18:31:55'),(717,711,'多功能刀',1,6,0,'2014-10-15 18:31:55','2014-10-15 18:31:55'),(718,699,'厨房配件',1,3,1,'2014-10-15 18:31:55','2014-10-15 18:31:55'),(719,718,'保鲜盒',1,1,0,'2014-10-15 18:31:55','2014-10-15 18:31:55'),(720,718,'烘焙/烧烤',1,2,0,'2014-10-15 18:31:55','2014-10-15 18:31:55'),(721,718,'饭盒/提锅',1,3,0,'2014-10-15 18:31:55','2014-10-15 18:31:55'),(722,718,'储物/置物架',1,4,0,'2014-10-15 18:31:55','2014-10-15 18:31:55'),(723,718,'厨房DIY/小工具',1,5,0,'2014-10-15 18:31:55','2014-10-15 18:31:55'),(724,699,'水具酒具',1,4,1,'2014-10-15 18:31:55','2014-10-15 18:31:55'),(725,724,'塑料杯',1,1,0,'2014-10-15 18:31:55','2014-10-15 18:31:55'),(726,724,'运动水壶',1,2,0,'2014-10-15 18:31:55','2014-10-15 18:31:55'),(727,724,'玻璃杯',1,3,0,'2014-10-15 18:31:55','2014-10-15 18:31:55'),(728,724,'陶瓷/马克杯',1,4,0,'2014-10-15 18:31:55','2014-10-15 18:31:55'),(729,724,'保温杯',1,5,0,'2014-10-15 18:31:55','2014-10-15 18:31:55'),(730,724,'保温壶',1,6,0,'2014-10-15 18:31:55','2014-10-15 18:31:55'),(731,724,'酒杯/酒具',1,7,0,'2014-10-15 18:31:55','2014-10-15 18:31:55'),(732,724,'杯具套装',1,8,0,'2014-10-15 18:31:55','2014-10-15 18:31:55'),(733,699,'餐具',1,5,1,'2014-10-15 18:31:55','2014-10-15 18:31:55'),(734,733,'餐具套装',1,1,0,'2014-10-15 18:31:55','2014-10-15 18:31:55'),(735,733,'碗/碟/盘',1,2,0,'2014-10-15 18:31:55','2014-10-15 18:31:55'),(736,733,'筷勺/刀叉',1,3,0,'2014-10-15 18:31:55','2014-10-15 18:31:55'),(737,733,'一次性用品',1,4,0,'2014-10-15 18:31:55','2014-10-15 18:31:55'),(738,733,'果盘/果篮',1,5,0,'2014-10-15 18:31:55','2014-10-15 18:31:55'),(739,699,'茶具/咖啡具',1,6,1,'2014-10-15 18:31:55','2014-10-15 18:31:55'),(740,739,'整套茶具',1,1,0,'2014-10-15 18:31:55','2014-10-15 18:31:55'),(741,739,'茶杯',1,2,0,'2014-10-15 18:31:55','2014-10-15 18:31:55'),(742,739,'茶壶',1,3,0,'2014-10-15 18:31:55','2014-10-15 18:31:55'),(743,739,'茶盘茶托',1,4,0,'2014-10-15 18:31:55','2014-10-15 18:31:55'),(744,739,'茶叶罐',1,5,0,'2014-10-15 18:31:55','2014-10-15 18:31:55'),(745,739,'茶具配件',1,6,0,'2014-10-15 18:31:55','2014-10-15 18:31:55'),(746,739,'茶宠摆件',1,7,0,'2014-10-15 18:31:55','2014-10-15 18:31:55'),(747,739,'咖啡具',1,8,0,'2014-10-15 18:31:55','2014-10-15 18:31:55'),(748,739,'其他',1,9,0,'2014-10-15 18:31:55','2014-10-15 18:31:55'),(749,0,'服饰内衣',1,14,1,'2014-10-15 18:31:55','2014-10-15 18:31:55'),(750,749,'女装',1,1,1,'2014-10-15 18:31:55','2014-10-15 18:31:55'),(751,750,'T恤',1,1,0,'2014-10-15 18:31:55','2014-10-15 18:31:55'),(752,750,'衬衫',1,2,0,'2014-10-15 18:31:55','2014-10-15 18:31:55'),(753,750,'针织衫',1,3,0,'2014-10-15 18:31:55','2014-10-15 18:31:55'),(754,750,'雪纺衫',1,4,0,'2014-10-15 18:31:55','2014-10-15 18:31:55'),(755,750,'卫衣',1,5,0,'2014-10-15 18:31:55','2014-10-15 18:31:55'),(756,750,'马甲',1,6,0,'2014-10-15 18:31:55','2014-10-15 18:31:55'),(757,750,'连衣裙',1,7,0,'2014-10-15 18:31:55','2014-10-15 18:31:55'),(758,750,'半身裙',1,8,0,'2014-10-15 18:31:55','2014-10-15 18:31:55'),(759,750,'牛仔裤',1,9,0,'2014-10-15 18:31:55','2014-10-15 18:31:55'),(760,750,'休闲裤',1,10,0,'2014-10-15 18:31:55','2014-10-15 18:31:55'),(761,750,'打底裤',1,11,0,'2014-10-15 18:31:55','2014-10-15 18:31:55'),(762,750,'正装裤',1,12,0,'2014-10-15 18:31:55','2014-10-15 18:31:55'),(763,750,'小西装',1,13,0,'2014-10-15 18:31:55','2014-10-15 18:31:55'),(764,750,'短外套',1,14,0,'2014-10-15 18:31:55','2014-10-15 18:31:55'),(765,750,'风衣',1,15,0,'2014-10-15 18:31:55','2014-10-15 18:31:55'),(766,750,'毛呢大衣',1,16,0,'2014-10-15 18:31:55','2014-10-15 18:31:55'),(767,750,'真皮皮衣',1,17,0,'2014-10-15 18:31:55','2014-10-15 18:31:55'),(768,750,'棉服',1,18,0,'2014-10-15 18:31:55','2014-10-15 18:31:55'),(769,750,'羽绒服',1,19,0,'2014-10-15 18:31:55','2014-10-15 18:31:55'),(770,750,'大码女装',1,20,0,'2014-10-15 18:31:55','2014-10-15 18:31:55'),(771,750,'中老年女装',1,21,0,'2014-10-15 18:31:55','2014-10-15 18:31:55'),(772,750,'婚纱',1,22,0,'2014-10-15 18:31:55','2014-10-15 18:31:55'),(773,750,'打底衫',1,23,0,'2014-10-15 18:31:55','2014-10-15 18:31:55'),(774,750,'旗袍/唐装',1,24,0,'2014-10-15 18:31:55','2014-10-15 18:31:55'),(775,750,'加绒裤',1,25,0,'2014-10-15 18:31:55','2014-10-15 18:31:55'),(776,750,'吊带/背心',1,26,0,'2014-10-15 18:31:55','2014-10-15 18:31:55'),(777,750,'羊绒衫',1,27,0,'2014-10-15 18:31:55','2014-10-15 18:31:55'),(778,750,'短裤',1,28,0,'2014-10-15 18:31:55','2014-10-15 18:31:55'),(779,750,'皮草',1,29,0,'2014-10-15 18:31:55','2014-10-15 18:31:55'),(780,750,'礼服',1,30,0,'2014-10-15 18:31:55','2014-10-15 18:31:55'),(781,750,'仿皮皮衣',1,31,0,'2014-10-15 18:31:55','2014-10-15 18:31:55'),(782,750,'羊毛衫',1,32,0,'2014-10-15 18:31:55','2014-10-15 18:31:55'),(783,750,'设计师/潮牌',1,33,0,'2014-10-15 18:31:55','2014-10-15 18:31:55'),(784,749,'男装',1,2,1,'2014-10-15 18:31:55','2014-10-15 18:31:55'),(785,784,'衬衫',1,1,0,'2014-10-15 18:31:55','2014-10-15 18:31:55'),(786,784,'T恤',1,2,0,'2014-10-15 18:31:55','2014-10-15 18:31:55'),(787,784,'POLO衫',1,3,0,'2014-10-15 18:31:55','2014-10-15 18:31:55'),(788,784,'针织衫',1,4,0,'2014-10-15 18:31:55','2014-10-15 18:31:55'),(789,784,'羊绒衫',1,5,0,'2014-10-15 18:31:55','2014-10-15 18:31:55'),(790,784,'卫衣',1,6,0,'2014-10-15 18:31:55','2014-10-15 18:31:55'),(791,784,'马甲/背心',1,7,0,'2014-10-15 18:31:55','2014-10-15 18:31:55'),(792,784,'夹克',1,8,0,'2014-10-15 18:31:55','2014-10-15 18:31:55'),(793,784,'风衣',1,9,0,'2014-10-15 18:31:55','2014-10-15 18:31:55'),(794,784,'毛呢大衣',1,10,0,'2014-10-15 18:31:55','2014-10-15 18:31:55'),(795,784,'仿皮皮衣',1,11,0,'2014-10-15 18:31:55','2014-10-15 18:31:55'),(796,784,'西服',1,12,0,'2014-10-15 18:31:55','2014-10-15 18:31:55'),(797,784,'棉服',1,13,0,'2014-10-15 18:31:55','2014-10-15 18:31:55'),(798,784,'羽绒服',1,14,0,'2014-10-15 18:31:55','2014-10-15 18:31:55'),(799,784,'牛仔裤',1,15,0,'2014-10-15 18:31:55','2014-10-15 18:31:55'),(800,784,'休闲裤',1,16,0,'2014-10-15 18:31:55','2014-10-15 18:31:55'),(801,784,'西裤',1,17,0,'2014-10-15 18:31:55','2014-10-15 18:31:55'),(802,784,'西服套装',1,18,0,'2014-10-15 18:31:55','2014-10-15 18:31:55'),(803,784,'大码男装',1,19,0,'2014-10-15 18:31:55','2014-10-15 18:31:55'),(804,784,'中老年男装',1,20,0,'2014-10-15 18:31:55','2014-10-15 18:31:55'),(805,784,'唐装/中山装',1,21,0,'2014-10-15 18:31:55','2014-10-15 18:31:55'),(806,784,'工装',1,22,0,'2014-10-15 18:31:55','2014-10-15 18:31:55'),(807,784,'真皮皮衣',1,23,0,'2014-10-15 18:31:55','2014-10-15 18:31:55'),(808,784,'加绒裤',1,24,0,'2014-10-15 18:31:55','2014-10-15 18:31:55'),(809,784,'卫裤/运动裤',1,25,0,'2014-10-15 18:31:55','2014-10-15 18:31:55'),(810,784,'短裤',1,26,0,'2014-10-15 18:31:55','2014-10-15 18:31:55'),(811,784,'设计师/潮牌',1,27,0,'2014-10-15 18:31:55','2014-10-15 18:31:55'),(812,784,'羊毛衫',1,28,0,'2014-10-15 18:31:55','2014-10-15 18:31:55'),(813,749,'内衣',1,3,1,'2014-10-15 18:31:55','2014-10-15 18:31:55'),(814,813,'文胸',1,1,0,'2014-10-15 18:31:55','2014-10-15 18:31:55'),(815,813,'女式内裤',1,2,0,'2014-10-15 18:31:55','2014-10-15 18:31:55'),(816,813,'男式内裤',1,3,0,'2014-10-15 18:31:55','2014-10-15 18:31:55'),(817,813,'睡衣/家居服',1,4,0,'2014-10-15 18:31:55','2014-10-15 18:31:55'),(818,813,'塑身美体',1,5,0,'2014-10-15 18:31:55','2014-10-15 18:31:55'),(819,813,'泳衣',1,6,0,'2014-10-15 18:31:55','2014-10-15 18:31:55'),(820,813,'吊带/背心',1,7,0,'2014-10-15 18:31:55','2014-10-15 18:31:55'),(821,813,'抹胸',1,8,0,'2014-10-15 18:31:55','2014-10-15 18:31:55'),(822,813,'连裤袜/丝袜',1,9,0,'2014-10-15 18:31:55','2014-10-15 18:31:55'),(823,813,'美腿袜',1,10,0,'2014-10-15 18:31:55','2014-10-15 18:31:55'),(824,813,'商务男袜',1,11,0,'2014-10-15 18:31:55','2014-10-15 18:31:55'),(825,813,'保暖内衣',1,12,0,'2014-10-15 18:31:55','2014-10-15 18:31:55'),(826,813,'情侣睡衣',1,13,0,'2014-10-15 18:31:55','2014-10-15 18:31:55'),(827,813,'文胸套装',1,14,0,'2014-10-15 18:31:55','2014-10-15 18:31:55'),(828,813,'少女文胸',1,15,0,'2014-10-15 18:31:55','2014-10-15 18:31:55'),(829,813,'休闲棉袜',1,16,0,'2014-10-15 18:31:55','2014-10-15 18:31:55'),(830,813,'大码内衣',1,17,0,'2014-10-15 18:31:55','2014-10-15 18:31:55'),(831,813,'内衣配件',1,18,0,'2014-10-15 18:31:55','2014-10-15 18:31:55'),(832,813,'打底裤袜',1,19,0,'2014-10-15 18:31:55','2014-10-15 18:31:55'),(833,813,'打底衫',1,20,0,'2014-10-15 18:31:55','2014-10-15 18:31:55'),(834,813,'秋衣秋裤',1,21,0,'2014-10-15 18:31:55','2014-10-15 18:31:55'),(835,813,'情趣内衣',1,22,0,'2014-10-15 18:31:55','2014-10-15 18:31:55'),(836,749,'服饰配件',1,4,1,'2014-10-15 18:31:55','2014-10-15 18:31:55'),(837,836,'太阳镜',1,1,0,'2014-10-15 18:31:55','2014-10-15 18:31:55'),(838,836,'光学镜架/镜片',1,2,0,'2014-10-15 18:31:55','2014-10-15 18:31:55'),(839,836,'围巾/手套/帽子套装',1,3,0,'2014-10-15 18:31:55','2014-10-15 18:31:55'),(840,836,'袖扣',1,4,0,'2014-10-15 18:31:55','2014-10-15 18:31:55'),(841,836,'棒球帽',1,5,0,'2014-10-15 18:31:55','2014-10-15 18:31:55'),(842,836,'毛线帽',1,6,0,'2014-10-15 18:31:55','2014-10-15 18:31:55'),(843,836,'遮阳帽',1,7,0,'2014-10-15 18:31:55','2014-10-15 18:31:55'),(844,836,'老花镜',1,8,0,'2014-10-15 18:31:55','2014-10-15 18:31:55'),(845,836,'装饰眼镜',1,9,0,'2014-10-15 18:31:55','2014-10-15 18:31:55'),(846,836,'防辐射眼镜',1,10,0,'2014-10-15 18:31:55','2014-10-15 18:31:55'),(847,836,'游泳镜',1,11,0,'2014-10-15 18:31:55','2014-10-15 18:31:55'),(848,836,'女士丝巾/围巾/披肩',1,12,0,'2014-10-15 18:31:55','2014-10-15 18:31:55'),(849,836,'男士丝巾/围巾',1,13,0,'2014-10-15 18:31:55','2014-10-15 18:31:55'),(850,836,'鸭舌帽',1,14,0,'2014-10-15 18:31:55','2014-10-15 18:31:55'),(851,836,'贝雷帽',1,15,0,'2014-10-15 18:31:55','2014-10-15 18:31:55'),(852,836,'礼帽',1,16,0,'2014-10-15 18:31:55','2014-10-15 18:31:55'),(853,836,'真皮手套',1,17,0,'2014-10-15 18:31:55','2014-10-15 18:31:55'),(854,836,'毛线手套',1,18,0,'2014-10-15 18:31:55','2014-10-15 18:31:55'),(855,836,'防晒手套',1,19,0,'2014-10-15 18:31:55','2014-10-15 18:31:55'),(856,836,'男士腰带/礼盒',1,20,0,'2014-10-15 18:31:55','2014-10-15 18:31:55'),(857,836,'女士腰带/礼盒',1,21,0,'2014-10-15 18:31:55','2014-10-15 18:31:55'),(858,836,'钥匙扣',1,22,0,'2014-10-15 18:31:55','2014-10-15 18:31:55'),(859,836,'遮阳伞/雨伞',1,23,0,'2014-10-15 18:31:55','2014-10-15 18:31:55'),(860,836,'口罩',1,24,0,'2014-10-15 18:31:55','2014-10-15 18:31:55'),(861,836,'耳罩/耳包',1,25,0,'2014-10-15 18:31:55','2014-10-15 18:31:55'),(862,836,'假领',1,26,0,'2014-10-15 18:31:55','2014-10-15 18:31:55'),(863,836,'毛线/布面料',1,27,0,'2014-10-15 18:31:55','2014-10-15 18:31:55'),(864,836,'领带/领结/领带夹',1,28,0,'2014-10-15 18:31:55','2014-10-15 18:31:55'),(865,0,'鞋靴',1,15,1,'2014-10-15 18:31:55','2014-10-15 18:31:55'),(866,865,'流行男鞋',1,1,1,'2014-10-15 18:31:55','2014-10-15 18:31:55'),(867,866,'商务休闲鞋',1,1,0,'2014-10-15 18:31:55','2014-10-15 18:31:55'),(868,866,'正装鞋',1,2,0,'2014-10-15 18:31:55','2014-10-15 18:31:55'),(869,866,'休闲鞋',1,3,0,'2014-10-15 18:31:55','2014-10-15 18:31:55'),(870,866,'凉鞋/沙滩鞋',1,4,0,'2014-10-15 18:31:55','2014-10-15 18:31:55'),(871,866,'男靴',1,5,0,'2014-10-15 18:31:55','2014-10-15 18:31:55'),(872,866,'功能鞋',1,6,0,'2014-10-15 18:31:55','2014-10-15 18:31:55'),(873,866,'拖鞋/人字拖',1,7,0,'2014-10-15 18:31:55','2014-10-15 18:31:55'),(874,866,'雨鞋/雨靴',1,8,0,'2014-10-15 18:31:55','2014-10-15 18:31:55'),(875,866,'传统布鞋',1,9,0,'2014-10-15 18:31:55','2014-10-15 18:31:55'),(876,866,'鞋配件',1,10,0,'2014-10-15 18:31:55','2014-10-15 18:31:55'),(877,866,'帆布鞋',1,11,0,'2014-10-15 18:31:55','2014-10-15 18:31:55'),(878,866,'增高鞋',1,12,0,'2014-10-15 18:31:55','2014-10-15 18:31:55'),(879,866,'工装鞋',1,13,0,'2014-10-15 18:31:55','2014-10-15 18:31:55'),(880,866,'定制鞋',1,14,0,'2014-10-15 18:31:55','2014-10-15 18:31:55'),(881,865,'时尚女鞋',1,2,1,'2014-10-15 18:31:55','2014-10-15 18:31:55'),(882,881,'高跟鞋',1,1,0,'2014-10-15 18:31:55','2014-10-15 18:31:55'),(883,881,'单鞋',1,2,0,'2014-10-15 18:31:55','2014-10-15 18:31:55'),(884,881,'休闲鞋',1,3,0,'2014-10-15 18:31:55','2014-10-15 18:31:55'),(885,881,'凉鞋',1,4,0,'2014-10-15 18:31:55','2014-10-15 18:31:55'),(886,881,'女靴',1,5,0,'2014-10-15 18:31:55','2014-10-15 18:31:55'),(887,881,'雪地靴',1,6,0,'2014-10-15 18:31:55','2014-10-15 18:31:55'),(888,881,'拖鞋/人字拖',1,7,0,'2014-10-15 18:31:55','2014-10-15 18:31:55'),(889,881,'踝靴',1,8,0,'2014-10-15 18:31:55','2014-10-15 18:31:55'),(890,881,'筒靴',1,9,0,'2014-10-15 18:31:55','2014-10-15 18:31:55'),(891,881,'帆布鞋',1,10,0,'2014-10-15 18:31:55','2014-10-15 18:31:55'),(892,881,'雨鞋/雨靴',1,11,0,'2014-10-15 18:31:55','2014-10-15 18:31:55'),(893,881,'妈妈鞋',1,12,0,'2014-10-15 18:31:55','2014-10-15 18:31:55'),(894,881,'鞋配件',1,13,0,'2014-10-15 18:31:55','2014-10-15 18:31:55'),(895,881,'特色鞋',1,14,0,'2014-10-15 18:31:55','2014-10-15 18:31:55'),(896,881,'鱼嘴鞋',1,15,0,'2014-10-15 18:31:55','2014-10-15 18:31:55'),(897,881,'布鞋/绣花鞋',1,16,0,'2014-10-15 18:31:55','2014-10-15 18:31:55'),(898,881,'马丁靴',1,17,0,'2014-10-15 18:31:55','2014-10-15 18:31:55'),(899,881,'坡跟鞋',1,18,0,'2014-10-15 18:31:55','2014-10-15 18:31:55'),(900,881,'松糕鞋',1,19,0,'2014-10-15 18:31:55','2014-10-15 18:31:55'),(901,881,'内增高',1,20,0,'2014-10-15 18:31:55','2014-10-15 18:31:55'),(902,881,'防水台',1,21,0,'2014-10-15 18:31:55','2014-10-15 18:31:55'),(903,0,'礼品箱包',1,16,1,'2014-10-15 18:31:55','2014-10-15 18:31:55'),(904,903,'潮流女包',1,1,1,'2014-10-15 18:31:55','2014-10-15 18:31:55'),(905,904,'钱包',1,1,0,'2014-10-15 18:31:55','2014-10-15 18:31:55'),(906,904,'手拿包/晚宴包',1,2,0,'2014-10-15 18:31:55','2014-10-15 18:31:55'),(907,904,'单肩包',1,3,0,'2014-10-15 18:31:55','2014-10-15 18:31:55'),(908,904,'双肩包',1,4,0,'2014-10-15 18:31:55','2014-10-15 18:31:55'),(909,904,'手提包',1,5,0,'2014-10-15 18:31:55','2014-10-15 18:31:55'),(910,904,'斜挎包',1,6,0,'2014-10-15 18:31:55','2014-10-15 18:31:55'),(911,904,'钥匙包',1,7,0,'2014-10-15 18:31:55','2014-10-15 18:31:55'),(912,904,'卡包/零钱包',1,8,0,'2014-10-15 18:31:55','2014-10-15 18:31:55'),(913,903,'精品男包',1,2,1,'2014-10-15 18:31:55','2014-10-15 18:31:55'),(914,913,'钱包/卡包',1,1,0,'2014-10-15 18:31:55','2014-10-15 18:31:55'),(915,913,'男士手包',1,2,0,'2014-10-15 18:31:55','2014-10-15 18:31:55'),(916,913,'商务公文包',1,3,0,'2014-10-15 18:31:55','2014-10-15 18:31:55'),(917,913,'双肩包',1,4,0,'2014-10-15 18:31:55','2014-10-15 18:31:55'),(918,913,'单肩/斜挎包',1,5,0,'2014-10-15 18:31:55','2014-10-15 18:31:55'),(919,913,'钥匙包',1,6,0,'2014-10-15 18:31:55','2014-10-15 18:31:55'),(920,903,'功能箱包',1,3,1,'2014-10-15 18:31:55','2014-10-15 18:31:55'),(921,920,'电脑包',1,1,0,'2014-10-15 18:31:55','2014-10-15 18:31:55'),(922,920,'拉杆箱/拉杆包',1,2,0,'2014-10-15 18:31:55','2014-10-15 18:31:55'),(923,920,'旅行包',1,3,0,'2014-10-15 18:31:55','2014-10-15 18:31:55'),(924,920,'旅行配件',1,4,0,'2014-10-15 18:31:55','2014-10-15 18:31:55'),(925,920,'休闲运动包',1,5,0,'2014-10-15 18:31:55','2014-10-15 18:31:55'),(926,920,'登山包',1,6,0,'2014-10-15 18:31:55','2014-10-15 18:31:55'),(927,920,'妈咪包',1,7,0,'2014-10-15 18:31:55','2014-10-15 18:31:55'),(928,920,'书包',1,8,0,'2014-10-15 18:31:55','2014-10-15 18:31:55'),(929,920,'相机包',1,9,0,'2014-10-15 18:31:55','2014-10-15 18:31:55'),(930,920,'腰包/胸包',1,10,0,'2014-10-15 18:31:55','2014-10-15 18:31:55'),(931,903,'礼品',1,4,1,'2014-10-15 18:31:55','2014-10-15 18:31:55'),(932,931,'火机烟具',1,1,0,'2014-10-15 18:31:55','2014-10-15 18:31:55'),(933,931,'礼品文具',1,2,0,'2014-10-15 18:31:55','2014-10-15 18:31:55'),(934,931,'军刀军具',1,3,0,'2014-10-15 18:31:55','2014-10-15 18:31:55'),(935,931,'收藏品',1,4,0,'2014-10-15 18:31:55','2014-10-15 18:31:55'),(936,931,'工艺礼品',1,5,0,'2014-10-15 18:31:55','2014-10-15 18:31:55'),(937,931,'创意礼品',1,6,0,'2014-10-15 18:31:55','2014-10-15 18:31:55'),(938,931,'礼盒礼券',1,7,0,'2014-10-15 18:31:55','2014-10-15 18:31:55'),(939,931,'鲜花绿植',1,8,0,'2014-10-15 18:31:55','2014-10-15 18:31:55'),(940,931,'婚庆用品',1,9,0,'2014-10-15 18:31:55','2014-10-15 18:31:55'),(941,931,'京东卡',1,10,0,'2014-10-15 18:31:55','2014-10-15 18:31:55'),(942,931,'美妆礼品',1,11,0,'2014-10-15 18:31:55','2014-10-15 18:31:55'),(943,931,'地方礼品',1,12,0,'2014-10-15 18:31:55','2014-10-15 18:31:55'),(944,931,'古董把玩',1,13,0,'2014-10-15 18:31:55','2014-10-15 18:31:55'),(945,903,'奢侈品',1,5,1,'2014-10-15 18:31:55','2014-10-15 18:31:55'),(946,945,'箱包',1,1,0,'2014-10-15 18:31:55','2014-10-15 18:31:55'),(947,945,'钱包',1,2,0,'2014-10-15 18:31:55','2014-10-15 18:31:55'),(948,945,'服饰',1,3,0,'2014-10-15 18:31:55','2014-10-15 18:31:55'),(949,945,'腰带',1,4,0,'2014-10-15 18:31:55','2014-10-15 18:31:55'),(950,945,'太阳镜/眼镜框',1,5,0,'2014-10-15 18:31:55','2014-10-15 18:31:55'),(951,945,'配件',1,6,0,'2014-10-15 18:31:55','2014-10-15 18:31:55'),(952,945,'鞋靴',1,7,0,'2014-10-15 18:31:55','2014-10-15 18:31:55'),(953,945,'饰品',1,8,0,'2014-10-15 18:31:55','2014-10-15 18:31:55'),(954,945,'名品腕表',1,9,0,'2014-10-15 18:31:55','2014-10-15 18:31:55'),(955,945,'高档化妆品',1,10,0,'2014-10-15 18:31:55','2014-10-15 18:31:55'),(956,903,'婚庆',1,6,1,'2014-10-15 18:31:55','2014-10-15 18:31:55'),(957,956,'婚嫁首饰',1,1,0,'2014-10-15 18:31:55','2014-10-15 18:31:55'),(958,956,'婚纱摄影',1,2,0,'2014-10-15 18:31:55','2014-10-15 18:31:55'),(959,956,'婚纱礼服',1,3,0,'2014-10-15 18:31:55','2014-10-15 18:31:55'),(960,956,'婚庆服务',1,4,0,'2014-10-15 18:31:55','2014-10-15 18:31:55'),(961,956,'婚庆礼品/用品',1,5,0,'2014-10-15 18:31:55','2014-10-15 18:31:55'),(962,956,'婚宴',1,6,0,'2014-10-15 18:31:55','2014-10-15 18:31:55'),(963,0,'珠宝',1,17,1,'2014-10-15 18:31:55','2014-10-15 18:31:55'),(964,963,'时尚饰品',1,1,1,'2014-10-15 18:31:55','2014-10-15 18:31:55'),(965,964,'项链',1,1,0,'2014-10-15 18:31:55','2014-10-15 18:31:55'),(966,964,'手链/脚链',1,2,0,'2014-10-15 18:31:55','2014-10-15 18:31:55'),(967,964,'戒指',1,3,0,'2014-10-15 18:31:55','2014-10-15 18:31:55'),(968,964,'耳饰',1,4,0,'2014-10-15 18:31:55','2014-10-15 18:31:55'),(969,964,'头饰',1,5,0,'2014-10-15 18:31:55','2014-10-15 18:31:55'),(970,964,'胸针',1,6,0,'2014-10-15 18:31:55','2014-10-15 18:31:55'),(971,964,'婚庆饰品',1,7,0,'2014-10-15 18:31:55','2014-10-15 18:31:55'),(972,964,'饰品配件',1,8,0,'2014-10-15 18:31:55','2014-10-15 18:31:55'),(973,963,'纯金K金饰品',1,2,1,'2014-10-15 18:31:55','2014-10-15 18:31:55'),(974,973,'吊坠/项链',1,1,0,'2014-10-15 18:31:55','2014-10-15 18:31:55'),(975,973,'手镯/手链/脚链',1,2,0,'2014-10-15 18:31:55','2014-10-15 18:31:55'),(976,973,'戒指',1,3,0,'2014-10-15 18:31:55','2014-10-15 18:31:55'),(977,973,'耳饰',1,4,0,'2014-10-15 18:31:55','2014-10-15 18:31:55'),(978,963,'金银投资',1,3,1,'2014-10-15 18:31:55','2014-10-15 18:31:55'),(979,978,'工艺金',1,1,0,'2014-10-15 18:31:55','2014-10-15 18:31:55'),(980,978,'工艺银',1,2,0,'2014-10-15 18:31:55','2014-10-15 18:31:55'),(981,963,'银饰',1,4,1,'2014-10-15 18:31:55','2014-10-15 18:31:55'),(982,981,'吊坠/项链',1,1,0,'2014-10-15 18:31:55','2014-10-15 18:31:55'),(983,981,'手镯/手链/脚链',1,2,0,'2014-10-15 18:31:55','2014-10-15 18:31:55'),(984,981,'戒指/耳饰',1,3,0,'2014-10-15 18:31:55','2014-10-15 18:31:55'),(985,981,'宝宝银饰',1,4,0,'2014-10-15 18:31:55','2014-10-15 18:31:55'),(986,981,'千足银手镯',1,5,0,'2014-10-15 18:31:55','2014-10-15 18:31:55'),(987,963,'钻石',1,5,1,'2014-10-15 18:31:55','2014-10-15 18:31:55'),(988,987,'裸钻',1,1,0,'2014-10-15 18:31:55','2014-10-15 18:31:55'),(989,987,'戒指',1,2,0,'2014-10-15 18:31:55','2014-10-15 18:31:55'),(990,987,'项链/吊坠',1,3,0,'2014-10-15 18:31:55','2014-10-15 18:31:55'),(991,987,'耳饰',1,4,0,'2014-10-15 18:31:55','2014-10-15 18:31:55'),(992,987,'手镯/手链',1,5,0,'2014-10-15 18:31:55','2014-10-15 18:31:55'),(993,963,'翡翠玉石',1,6,1,'2014-10-15 18:31:55','2014-10-15 18:31:55'),(994,993,'项链/吊坠',1,1,0,'2014-10-15 18:31:55','2014-10-15 18:31:55'),(995,993,'手镯/手串',1,2,0,'2014-10-15 18:31:55','2014-10-15 18:31:55'),(996,993,'戒指',1,3,0,'2014-10-15 18:31:55','2014-10-15 18:31:55'),(997,993,'耳饰',1,4,0,'2014-10-15 18:31:55','2014-10-15 18:31:55'),(998,993,'挂件/摆件/把件',1,5,0,'2014-10-15 18:31:55','2014-10-15 18:31:55'),(999,993,'高值收藏',1,6,0,'2014-10-15 18:31:55','2014-10-15 18:31:55'),(1000,963,'水晶玛瑙',1,7,1,'2014-10-15 18:31:55','2014-10-15 18:31:55'),(1001,1000,'项链/吊坠',1,1,0,'2014-10-15 18:31:55','2014-10-15 18:31:55'),(1002,1000,'耳饰',1,2,0,'2014-10-15 18:31:55','2014-10-15 18:31:55'),(1003,1000,'手镯/手链/脚链',1,3,0,'2014-10-15 18:31:55','2014-10-15 18:31:55'),(1004,1000,'戒指',1,4,0,'2014-10-15 18:31:55','2014-10-15 18:31:55'),(1005,1000,'头饰/胸针',1,5,0,'2014-10-15 18:31:55','2014-10-15 18:31:55'),(1006,1000,'摆件/挂件',1,6,0,'2014-10-15 18:31:55','2014-10-15 18:31:55'),(1007,963,'彩宝',1,8,1,'2014-10-15 18:31:55','2014-10-15 18:31:55'),(1008,1007,'项链/吊坠',1,1,0,'2014-10-15 18:31:55','2014-10-15 18:31:55'),(1009,1007,'耳饰',1,2,0,'2014-10-15 18:31:55','2014-10-15 18:31:55'),(1010,1007,'手镯/手链',1,3,0,'2014-10-15 18:31:55','2014-10-15 18:31:55'),(1011,1007,'戒指',1,4,0,'2014-10-15 18:31:55','2014-10-15 18:31:55'),(1012,963,'铂金',1,9,1,'2014-10-15 18:31:55','2014-10-15 18:31:55'),(1013,1012,'项链/吊坠',1,1,0,'2014-10-15 18:31:55','2014-10-15 18:31:55'),(1014,1012,'手镯/手链/脚链',1,2,0,'2014-10-15 18:31:55','2014-10-15 18:31:55'),(1015,1012,'戒指',1,3,0,'2014-10-15 18:31:55','2014-10-15 18:31:55'),(1016,1012,'耳饰',1,4,0,'2014-10-15 18:31:55','2014-10-15 18:31:55'),(1017,963,'天然木饰',1,10,1,'2014-10-15 18:31:55','2014-10-15 18:31:55'),(1018,1017,'小叶紫檀',1,1,0,'2014-10-15 18:31:55','2014-10-15 18:31:55'),(1019,1017,'黄花梨',1,2,0,'2014-10-15 18:31:55','2014-10-15 18:31:55'),(1020,1017,'沉香',1,3,0,'2014-10-15 18:31:55','2014-10-15 18:31:55'),(1021,1017,'金丝楠',1,4,0,'2014-10-15 18:31:55','2014-10-15 18:31:55'),(1022,1017,'菩提',1,5,0,'2014-10-15 18:31:55','2014-10-15 18:31:55'),(1023,1017,'其他',1,6,0,'2014-10-15 18:31:55','2014-10-15 18:31:55'),(1024,963,'珍珠',1,11,1,'2014-10-15 18:31:55','2014-10-15 18:31:55'),(1025,1024,'项链',1,1,0,'2014-10-15 18:31:55','2014-10-15 18:31:55'),(1026,1024,'吊坠',1,2,0,'2014-10-15 18:31:55','2014-10-15 18:31:55'),(1027,1024,'耳饰',1,3,0,'2014-10-15 18:31:55','2014-10-15 18:31:55'),(1028,1024,'手链',1,4,0,'2014-10-15 18:31:55','2014-10-15 18:31:55'),(1029,1024,'戒指',1,5,0,'2014-10-15 18:31:55','2014-10-15 18:31:55'),(1030,1024,'胸针',1,6,0,'2014-10-15 18:31:55','2014-10-15 18:31:55'),(1031,0,'运动健康',1,18,1,'2014-10-15 18:31:55','2014-10-15 18:31:55'),(1032,1031,'运动鞋包',1,1,1,'2014-10-15 18:31:55','2014-10-15 18:31:55'),(1033,1032,'休闲鞋',1,1,0,'2014-10-15 18:31:55','2014-10-15 18:31:55'),(1034,1032,'板鞋',1,2,0,'2014-10-15 18:31:55','2014-10-15 18:31:55'),(1035,1032,'帆布鞋',1,3,0,'2014-10-15 18:31:55','2014-10-15 18:31:55'),(1036,1032,'专项运动鞋',1,4,0,'2014-10-15 18:31:55','2014-10-15 18:31:55'),(1037,1032,'跑步鞋',1,5,0,'2014-10-15 18:31:55','2014-10-15 18:31:55'),(1038,1032,'篮球鞋',1,6,0,'2014-10-15 18:31:55','2014-10-15 18:31:55'),(1039,1032,'足球鞋',1,7,0,'2014-10-15 18:31:55','2014-10-15 18:31:55'),(1040,1032,'训练鞋',1,8,0,'2014-10-15 18:31:55','2014-10-15 18:31:55'),(1041,1032,'乒羽网鞋',1,9,0,'2014-10-15 18:31:55','2014-10-15 18:31:55'),(1042,1032,'拖鞋',1,10,0,'2014-10-15 18:31:55','2014-10-15 18:31:55'),(1043,1032,'运动包',1,11,0,'2014-10-15 18:31:55','2014-10-15 18:31:55'),(1044,1031,'运动服饰',1,2,1,'2014-10-15 18:31:55','2014-10-15 18:31:55'),(1045,1044,'运动配饰',1,1,0,'2014-10-15 18:31:55','2014-10-15 18:31:55'),(1046,1044,'羽绒服',1,2,0,'2014-10-15 18:31:55','2014-10-15 18:31:55'),(1047,1044,'毛衫/线衫',1,3,0,'2014-10-15 18:31:55','2014-10-15 18:31:55'),(1048,1044,'乒羽网服',1,4,0,'2014-10-15 18:31:55','2014-10-15 18:31:55'),(1049,1044,'训练服',1,5,0,'2014-10-15 18:31:55','2014-10-15 18:31:55'),(1050,1044,'运动背心',1,6,0,'2014-10-15 18:31:55','2014-10-15 18:31:55'),(1051,1044,'卫衣/套头衫',1,7,0,'2014-10-15 18:31:55','2014-10-15 18:31:55'),(1052,1044,'夹克/风衣',1,8,0,'2014-10-15 18:31:55','2014-10-15 18:31:55'),(1053,1044,'T恤',1,9,0,'2014-10-15 18:31:55','2014-10-15 18:31:55'),(1054,1044,'棉服',1,10,0,'2014-10-15 18:31:55','2014-10-15 18:31:55'),(1055,1044,'运动裤',1,11,0,'2014-10-15 18:31:55','2014-10-15 18:31:55'),(1056,1044,'套装',1,12,0,'2014-10-15 18:31:55','2014-10-15 18:31:55'),(1057,1031,'骑行运动',1,3,1,'2014-10-15 18:31:55','2014-10-15 18:31:55'),(1058,1057,'折叠车',1,1,0,'2014-10-15 18:31:55','2014-10-15 18:31:55'),(1059,1057,'山地车/公路车',1,2,0,'2014-10-15 18:31:55','2014-10-15 18:31:55'),(1060,1057,'电动车',1,3,0,'2014-10-15 18:31:55','2014-10-15 18:31:55'),(1061,1057,'其他整车',1,4,0,'2014-10-15 18:31:55','2014-10-15 18:31:55'),(1062,1057,'骑行服',1,5,0,'2014-10-15 18:31:55','2014-10-15 18:31:55'),(1063,1057,'骑行装备',1,6,0,'2014-10-15 18:31:55','2014-10-15 18:31:55'),(1064,1031,'垂钓用品',1,4,1,'2014-10-15 18:31:55','2014-10-15 18:31:55'),(1065,1064,'鱼竿鱼线',1,1,0,'2014-10-15 18:31:55','2014-10-15 18:31:55'),(1066,1064,'浮漂鱼饵',1,2,0,'2014-10-15 18:31:55','2014-10-15 18:31:55'),(1067,1064,'钓鱼桌椅',1,3,0,'2014-10-15 18:31:55','2014-10-15 18:31:55'),(1068,1064,'钓鱼配件',1,4,0,'2014-10-15 18:31:55','2014-10-15 18:31:55'),(1069,1064,'钓箱鱼包',1,5,0,'2014-10-15 18:31:55','2014-10-15 18:31:55'),(1070,1064,'其它',1,6,0,'2014-10-15 18:31:55','2014-10-15 18:31:55'),(1071,1031,'游泳用品',1,5,1,'2014-10-15 18:31:55','2014-10-15 18:31:55'),(1072,1071,'泳镜',1,1,0,'2014-10-15 18:31:55','2014-10-15 18:31:55'),(1073,1071,'泳帽',1,2,0,'2014-10-15 18:31:55','2014-10-15 18:31:55'),(1074,1071,'游泳包防水包',1,3,0,'2014-10-15 18:31:55','2014-10-15 18:31:55'),(1075,1071,'女士泳衣',1,4,0,'2014-10-15 18:31:55','2014-10-15 18:31:55'),(1076,1071,'男士泳衣',1,5,0,'2014-10-15 18:31:55','2014-10-15 18:31:55'),(1077,1071,'比基尼',1,6,0,'2014-10-15 18:31:55','2014-10-15 18:31:55'),(1078,1071,'其它',1,7,0,'2014-10-15 18:31:55','2014-10-15 18:31:55'),(1079,1031,'户外鞋服',1,6,1,'2014-10-15 18:31:55','2014-10-15 18:31:55'),(1080,1079,'冲锋衣裤',1,1,0,'2014-10-15 18:31:55','2014-10-15 18:31:55'),(1081,1079,'速干衣裤',1,2,0,'2014-10-15 18:31:55','2014-10-15 18:31:55'),(1082,1079,'滑雪服',1,3,0,'2014-10-15 18:31:55','2014-10-15 18:31:55'),(1083,1079,'羽绒服/棉服',1,4,0,'2014-10-15 18:31:55','2014-10-15 18:31:55'),(1084,1079,'休闲衣裤',1,5,0,'2014-10-15 18:31:55','2014-10-15 18:31:55'),(1085,1079,'抓绒衣裤',1,6,0,'2014-10-15 18:31:55','2014-10-15 18:31:55'),(1086,1079,'软壳衣裤',1,7,0,'2014-10-15 18:31:55','2014-10-15 18:31:55'),(1087,1079,'T恤',1,8,0,'2014-10-15 18:31:55','2014-10-15 18:31:55'),(1088,1079,'户外风衣',1,9,0,'2014-10-15 18:31:55','2014-10-15 18:31:55'),(1089,1079,'功能内衣',1,10,0,'2014-10-15 18:31:55','2014-10-15 18:31:55'),(1090,1079,'军迷服饰',1,11,0,'2014-10-15 18:31:55','2014-10-15 18:31:55'),(1091,1079,'登山鞋',1,12,0,'2014-10-15 18:31:55','2014-10-15 18:31:55'),(1092,1079,'雪地靴',1,13,0,'2014-10-15 18:31:55','2014-10-15 18:31:55'),(1093,1079,'徒步鞋',1,14,0,'2014-10-15 18:31:55','2014-10-15 18:31:55'),(1094,1079,'越野跑鞋',1,15,0,'2014-10-15 18:31:55','2014-10-15 18:31:55'),(1095,1079,'休闲鞋',1,16,0,'2014-10-15 18:31:55','2014-10-15 18:31:55'),(1096,1079,'工装鞋',1,17,0,'2014-10-15 18:31:55','2014-10-15 18:31:55'),(1097,1079,'溯溪鞋',1,18,0,'2014-10-15 18:31:55','2014-10-15 18:31:55'),(1098,1079,'沙滩/凉拖',1,19,0,'2014-10-15 18:31:55','2014-10-15 18:31:55'),(1099,1079,'户外袜',1,20,0,'2014-10-15 18:31:55','2014-10-15 18:31:55'),(1100,1031,'户外装备',1,7,1,'2014-10-15 18:31:55','2014-10-15 18:31:55'),(1101,1100,'帐篷/垫子',1,1,0,'2014-10-15 18:31:55','2014-10-15 18:31:55'),(1102,1100,'睡袋/吊床',1,2,0,'2014-10-15 18:31:55','2014-10-15 18:31:55'),(1103,1100,'登山攀岩',1,3,0,'2014-10-15 18:31:55','2014-10-15 18:31:55'),(1104,1100,'背包',1,4,0,'2014-10-15 18:31:55','2014-10-15 18:31:55'),(1105,1100,'户外配饰',1,5,0,'2014-10-15 18:31:55','2014-10-15 18:31:55'),(1106,1100,'户外照明',1,6,0,'2014-10-15 18:31:55','2014-10-15 18:31:55'),(1107,1100,'户外仪表',1,7,0,'2014-10-15 18:31:55','2014-10-15 18:31:55'),(1108,1100,'户外工具',1,8,0,'2014-10-15 18:31:55','2014-10-15 18:31:55'),(1109,1100,'望远镜',1,9,0,'2014-10-15 18:31:55','2014-10-15 18:31:55'),(1110,1100,'旅游用品',1,10,0,'2014-10-15 18:31:55','2014-10-15 18:31:55'),(1111,1100,'便携桌椅床',1,11,0,'2014-10-15 18:31:55','2014-10-15 18:31:55'),(1112,1100,'野餐烧烤',1,12,0,'2014-10-15 18:31:55','2014-10-15 18:31:55'),(1113,1100,'军迷用品',1,13,0,'2014-10-15 18:31:55','2014-10-15 18:31:55'),(1114,1100,'救援装备',1,14,0,'2014-10-15 18:31:55','2014-10-15 18:31:55'),(1115,1100,'滑雪装备',1,15,0,'2014-10-15 18:31:55','2014-10-15 18:31:55'),(1116,1100,'极限户外',1,16,0,'2014-10-15 18:31:55','2014-10-15 18:31:55'),(1117,1100,'冲浪潜水',1,17,0,'2014-10-15 18:31:55','2014-10-15 18:31:55'),(1118,1031,'健身训练',1,8,1,'2014-10-15 18:31:55','2014-10-15 18:31:55'),(1119,1118,'综合训练器',1,1,0,'2014-10-15 18:31:55','2014-10-15 18:31:55'),(1120,1118,'其他大型器械',1,2,0,'2014-10-15 18:31:55','2014-10-15 18:31:55'),(1121,1118,'哑铃',1,3,0,'2014-10-15 18:31:55','2014-10-15 18:31:55'),(1122,1118,'仰卧板/收腹机',1,4,0,'2014-10-15 18:31:55','2014-10-15 18:31:55'),(1123,1118,'其他中小型器材',1,5,0,'2014-10-15 18:31:55','2014-10-15 18:31:55'),(1124,1118,'瑜伽舞蹈',1,6,0,'2014-10-15 18:31:55','2014-10-15 18:31:55'),(1125,1118,'武术搏击',1,7,0,'2014-10-15 18:31:55','2014-10-15 18:31:55'),(1126,1118,'健身车/动感单车',1,8,0,'2014-10-15 18:31:55','2014-10-15 18:31:55'),(1127,1118,'跑步机',1,9,0,'2014-10-15 18:31:55','2014-10-15 18:31:55'),(1128,1118,'运动护具',1,10,0,'2014-10-15 18:31:55','2014-10-15 18:31:55'),(1129,1031,'纤体瑜伽',1,9,1,'2014-10-15 18:31:55','2014-10-15 18:31:55'),(1130,1129,'瑜伽垫',1,1,0,'2014-10-15 18:31:55','2014-10-15 18:31:55'),(1131,1129,'瑜伽服',1,2,0,'2014-10-15 18:31:55','2014-10-15 18:31:55'),(1132,1129,'瑜伽配件',1,3,0,'2014-10-15 18:31:55','2014-10-15 18:31:55'),(1133,1129,'瑜伽套装',1,4,0,'2014-10-15 18:31:55','2014-10-15 18:31:55'),(1134,1129,'舞蹈鞋服',1,5,0,'2014-10-15 18:31:55','2014-10-15 18:31:55'),(1135,1031,'体育用品',1,10,1,'2014-10-15 18:31:55','2014-10-15 18:31:55'),(1136,1135,'羽毛球',1,1,0,'2014-10-15 18:31:55','2014-10-15 18:31:55'),(1137,1135,'乒乓球',1,2,0,'2014-10-15 18:31:55','2014-10-15 18:31:55'),(1138,1135,'篮球',1,3,0,'2014-10-15 18:31:55','2014-10-15 18:31:55'),(1139,1135,'足球',1,4,0,'2014-10-15 18:31:55','2014-10-15 18:31:55'),(1140,1135,'网球',1,5,0,'2014-10-15 18:31:55','2014-10-15 18:31:55'),(1141,1135,'排球',1,6,0,'2014-10-15 18:31:55','2014-10-15 18:31:55'),(1142,1135,'高尔夫',1,7,0,'2014-10-15 18:31:55','2014-10-15 18:31:55'),(1143,1135,'台球',1,8,0,'2014-10-15 18:31:55','2014-10-15 18:31:55'),(1144,1135,'棋牌麻将',1,9,0,'2014-10-15 18:31:55','2014-10-15 18:31:55'),(1145,1135,'轮滑滑板',1,10,0,'2014-10-15 18:31:55','2014-10-15 18:31:55'),(1146,1135,'其他',1,11,0,'2014-10-15 18:31:55','2014-10-15 18:31:55'),(1147,0,'彩票、旅行、充值、票务',1,19,1,'2014-10-15 18:31:55','2014-10-15 18:31:55'),(1148,1147,'彩票',1,1,1,'2014-10-15 18:31:55','2014-10-15 18:31:55'),(1149,1148,'双色球',1,1,0,'2014-10-15 18:31:55','2014-10-15 18:31:55'),(1150,1148,'大乐透',1,2,0,'2014-10-15 18:31:55','2014-10-15 18:31:55'),(1151,1148,'福彩3D',1,3,0,'2014-10-15 18:31:55','2014-10-15 18:31:55'),(1152,1148,'排列三',1,4,0,'2014-10-15 18:31:55','2014-10-15 18:31:55'),(1153,1148,'排列五',1,5,0,'2014-10-15 18:31:55','2014-10-15 18:31:55'),(1154,1148,'七星彩',1,6,0,'2014-10-15 18:31:55','2014-10-15 18:31:55'),(1155,1148,'七乐彩',1,7,0,'2014-10-15 18:31:55','2014-10-15 18:31:55'),(1156,1148,'竞彩足球',1,8,0,'2014-10-15 18:31:55','2014-10-15 18:31:55'),(1157,1148,'竞彩篮球',1,9,0,'2014-10-15 18:31:55','2014-10-15 18:31:55'),(1158,1148,'新时时彩',1,10,0,'2014-10-15 18:31:55','2014-10-15 18:31:55'),(1159,1147,'机票',1,2,1,'2014-10-15 18:31:55','2014-10-15 18:31:55'),(1160,1159,'国内机票',1,1,0,'2014-10-15 18:31:55','2014-10-15 18:31:55'),(1161,1147,'酒店',1,3,1,'2014-10-15 18:31:55','2014-10-15 18:31:55'),(1162,1161,'国内酒店',1,1,0,'2014-10-15 18:31:55','2014-10-15 18:31:55'),(1163,1161,'酒店团购',1,2,0,'2014-10-15 18:31:55','2014-10-15 18:31:55'),(1164,1147,'旅行',1,4,1,'2014-10-15 18:31:55','2014-10-15 18:31:55'),(1165,1164,'度假',1,1,0,'2014-10-15 18:31:55','2014-10-15 18:31:55'),(1166,1164,'景点',1,2,0,'2014-10-15 18:31:55','2014-10-15 18:31:55'),(1167,1164,'租车',1,3,0,'2014-10-15 18:31:55','2014-10-15 18:31:55'),(1168,1164,'火车票',1,4,0,'2014-10-15 18:31:55','2014-10-15 18:31:55'),(1169,1164,'旅游团购',1,5,0,'2014-10-15 18:31:55','2014-10-15 18:31:55'),(1170,1147,'充值',1,5,1,'2014-10-15 18:31:55','2014-10-15 18:31:55'),(1171,1170,'手机充值',1,1,0,'2014-10-15 18:31:55','2014-10-15 18:31:55'),(1172,1147,'游戏',1,6,1,'2014-10-15 18:31:55','2014-10-15 18:31:55'),(1173,1172,'游戏点卡',1,1,0,'2014-10-15 18:31:55','2014-10-15 18:31:55'),(1174,1172,'QQ充值',1,2,0,'2014-10-15 18:31:55','2014-10-15 18:31:55'),(1175,1147,'票务',1,7,1,'2014-10-15 18:31:55','2014-10-15 18:31:55'),(1176,1175,'电影票',1,1,0,'2014-10-15 18:31:55','2014-10-15 18:31:55'),(1177,1175,'演唱会',1,2,0,'2014-10-15 18:31:55','2014-10-15 18:31:55'),(1178,1175,'话剧歌剧',1,3,0,'2014-10-15 18:31:55','2014-10-15 18:31:55'),(1179,1175,'音乐会',1,4,0,'2014-10-15 18:31:55','2014-10-15 18:31:55'),(1180,1175,'体育赛事',1,5,0,'2014-10-15 18:31:55','2014-10-15 18:31:55'),(1181,1175,'舞蹈芭蕾',1,6,0,'2014-10-15 18:31:55','2014-10-15 18:31:55'),(1182,1175,'戏曲综艺',1,7,0,'2014-10-15 18:31:55','2014-10-15 18:31:55');

/*Table structure for table `c2csystem_item_desc` */

DROP TABLE IF EXISTS `c2csystem_item_desc`;

CREATE TABLE `c2csystem_item_desc` (
  `item_id` bigint(20) DEFAULT NULL COMMENT '商品ID',
  `item_desc` text DEFAULT NULL COMMENT '商品描述',
  `created` datetime DEFAULT NULL COMMENT '创建时间',
  `updated` datetime DEFAULT NULL COMMENT '更新时间',
  KEY `item_id` (`item_id`)
) ENGINE=InnoDB DEFAULT CHARSET=utf8 COMMENT='商品描述表';

/*Data for the table `c2csystem_item_desc` */

insert  into `c2csystem_item_desc`(`item_id`,`item_desc`,`created`,`updated`) values (1474391943,'3333333333333333333333333',NULL,'2015-07-08 09:31:51'),(1474391944,'<h1>\r\n	asdfadsfadfaf\r\n</h1>',NULL,'2018-01-05 16:36:54'),(1474391950,'<img src=\"http://image.c2c-system.com/2018/01/06/11/173虚拟化出错.png\" width=\"575\" height=\"435\" alt=\"\" />','2018-01-06 11:45:06','2018-01-06 11:45:06'),(1474391955,'<div class=\"p-parameter\" style=\"margin:0px 0px 10px;padding:0px 10px 10px;color:#666666;font-family:tahoma, arial, &quot;background-color:#FFFFFF;\">\r\n	<ul id=\"parameter-brand\" class=\"p-parameter-list\">\r\n		<li>\r\n			品牌：&nbsp;<a href=\"https://list.jd.com/list.html?cat=12218,12221,13555&amp;ev=exbrand_207553\" target=\"_blank\">域沃粮田</a>\r\n		</li>\r\n	</ul>\r\n	<ul class=\"parameter2 p-parameter-list\">\r\n		<li>\r\n			商品名称：【宜昌扶贫馆】红肉血橙 新鲜水果橙子 5斤\r\n		</li>\r\n		<li>\r\n			商品编号：22625153069\r\n		</li>\r\n		<li>\r\n			店铺：&nbsp;<a href=\"https://mall.jd.com/index-602796.html\" target=\"_blank\">中国特产·宜昌扶贫馆</a>\r\n		</li>\r\n		<li>\r\n			商品毛重：2.5kg\r\n		</li>\r\n		<li>\r\n			国产/进口：国产\r\n		</li>\r\n		<li>\r\n			分类：血橙\r\n		</li>\r\n	</ul>\r\n	<p class=\"more-par\" style=\"text-align:right;\">\r\n		<a href=\"https://item.jd.com/22625153069.html#product-detail\" class=\"J-more-param\">更多参数<span class=\"txt-arr\">&gt;&gt;</span></a>\r\n	</p>\r\n</div>\r\n<div id=\"suyuan-video\" style=\"margin:0px;padding:0px;color:#666666;font-family:tahoma, arial, &quot;background-color:#FFFFFF;\">\r\n</div>\r\n<div id=\"J-detail-banner\" style=\"margin:0px;padding:0px;text-align:center;color:#666666;font-family:tahoma, arial, &quot;background-color:#FFFFFF;\">\r\n</div>\r\n<div id=\"J-detail-pop-tpl-top-new\" style=\"margin:0px;padding:0px;color:#666666;font-family:tahoma, arial, &quot;background-color:#FFFFFF;\">\r\n	<p>\r\n		<a href=\"https://sale.jd.com/act/AieRnwNXv34kuBKO.html\" target=\"_blank\"><img src=\"https://img10.360buyimg.com/cms/jfs/t19183/156/151662556/125058/85673619/5a603490N86408d71.jpg\" width=\"750\" height=\"200\" border=\"0\" title=\"\" alt=\"\" style=\"width:750px;height:200px;\" /></a>\r\n	</p>\r\n	<p>\r\n		<a href=\"https://mall.jd.com/index-156432.html\" target=\"_self\"><img src=\"https://img30.360buyimg.com/popWaterMark/jfs/t16474/204/1653244191/614882/fe7078dc/5a60c413N4a65f2f5.jpg\" /></a>\r\n	</p>\r\n</div>\r\n<div class=\"detail-content clearfix\" style=\"margin:10px 0px;padding:0px;background:#F7F7F7;color:#666666;font-family:tahoma, arial, &quot;\">\r\n	<div class=\"detail-content-wrap\" style=\"margin:0px;padding:0px;background-color:#FFFFFF;\">\r\n		<div class=\"detail-content-item\" style=\"margin:0px;padding:0px;\">\r\n			<div id=\"activity_header\" style=\"margin:0px;padding:0px;\">\r\n			</div>\r\n			<div id=\"J-detail-content\" style=\"margin:0px;padding:0px;\">\r\n				<br />\r\n<img id=\"1\" alt=\"\" class=\"\" src=\"https://img30.360buyimg.com/popWaterMark/jfs/t12967/148/1250362317/281037/976b49e4/5a1d181fNd4b77fd1.jpg\" /><br />\r\n<img id=\"1\" alt=\"\" class=\"\" src=\"https://img30.360buyimg.com/popWaterMark/jfs/t13756/154/1207926121/107583/95742a1f/5a1d181dN889f2f19.jpg\" /><br />\r\n<img id=\"1\" alt=\"\" class=\"\" src=\"https://img30.360buyimg.com/popWaterMark/jfs/t13009/142/1209011977/242667/8bfdda3d/5a1d1820N17aac194.jpg\" /><br />\r\n<img id=\"1\" alt=\"\" class=\"\" src=\"https://img30.360buyimg.com/popWaterMark/jfs/t12853/158/1238582235/235479/c9ac923f/5a1d1820Nab00020d.jpg\" /><br />\r\n<img id=\"1\" alt=\"\" class=\"\" src=\"https://img30.360buyimg.com/popWaterMark/jfs/t12052/31/1233269016/330450/6cee362b/5a1d1823N09192454.jpg\" /><br />\r\n<img id=\"1\" alt=\"\" class=\"\" src=\"https://img30.360buyimg.com/popWaterMark/jfs/t13819/161/1235652135/286463/25cb5c75/5a1d1820Nc5de08e9.jpg\" /><br />\r\n<img id=\"1\" alt=\"\" class=\"\" src=\"https://img30.360buyimg.com/popWaterMark/jfs/t14053/138/1232524723/566662/210a51b1/5a1d17faNed07f9d3.jpg\" /><br />\r\n<img id=\"1\" alt=\"\" class=\"\" src=\"https://img30.360buyimg.com/popWaterMark/jfs/t12523/2/1220835640/322578/a464b543/5a1d181eN99009958.jpg\" /><br />\r\n<img id=\"1\" alt=\"\" class=\"\" src=\"https://img30.360buyimg.com/popWaterMark/jfs/t11353/147/2641469790/152503/fbd51626/5a1d1822N02895083.jpg\" />\r\n			</div>\r\n		</div>\r\n	</div>\r\n</div>','2018-01-19 11:34:55','2018-01-19 11:34:55'),(1474391956,'<div class=\"p-parameter\" style=\"margin:0px 0px 10px;padding:0px 10px 10px;color:#666666;font-family:tahoma, arial, &quot;background-color:#FFFFFF;\">\r\n	<ul id=\"parameter-brand\" class=\"p-parameter-list\">\r\n		<li>\r\n			品牌：&nbsp;<a href=\"https://list.jd.com/list.html?cat=12218,12221,13555&amp;ev=exbrand_207553\" target=\"_blank\">域沃粮田</a>\r\n		</li>\r\n	</ul>\r\n	<ul class=\"parameter2 p-parameter-list\">\r\n		<li>\r\n			商品名称：【宜昌扶贫馆】红肉血橙 新鲜水果橙子 5斤\r\n		</li>\r\n		<li>\r\n			商品编号：22625153069\r\n		</li>\r\n		<li>\r\n			店铺：&nbsp;<a href=\"https://mall.jd.com/index-602796.html\" target=\"_blank\">中国特产·宜昌扶贫馆</a>\r\n		</li>\r\n		<li>\r\n			商品毛重：2.5kg\r\n		</li>\r\n		<li>\r\n			国产/进口：国产\r\n		</li>\r\n		<li>\r\n			分类：血橙\r\n		</li>\r\n	</ul>\r\n	<p class=\"more-par\" style=\"text-align:right;\">\r\n		<a href=\"https://item.jd.com/22625153069.html#product-detail\" class=\"J-more-param\">更多参数<span class=\"txt-arr\">&gt;&gt;</span></a>\r\n	</p>\r\n</div>\r\n<div id=\"suyuan-video\" style=\"margin:0px;padding:0px;color:#666666;font-family:tahoma, arial, &quot;background-color:#FFFFFF;\">\r\n</div>\r\n<div id=\"J-detail-banner\" style=\"margin:0px;padding:0px;text-align:center;color:#666666;font-family:tahoma, arial, &quot;background-color:#FFFFFF;\">\r\n</div>\r\n<div id=\"J-detail-pop-tpl-top-new\" style=\"margin:0px;padding:0px;color:#666666;font-family:tahoma, arial, &quot;background-color:#FFFFFF;\">\r\n	<p>\r\n		<a href=\"https://sale.jd.com/act/AieRnwNXv34kuBKO.html\" target=\"_blank\"><img src=\"https://img10.360buyimg.com/cms/jfs/t19183/156/151662556/125058/85673619/5a603490N86408d71.jpg\" width=\"750\" height=\"200\" border=\"0\" title=\"\" alt=\"\" style=\"width:750px;height:200px;\" /></a>\r\n	</p>\r\n	<p>\r\n		<a href=\"https://mall.jd.com/index-156432.html\" target=\"_self\"><img src=\"https://img30.360buyimg.com/popWaterMark/jfs/t16474/204/1653244191/614882/fe7078dc/5a60c413N4a65f2f5.jpg\" /></a>\r\n	</p>\r\n</div>\r\n<div class=\"detail-content clearfix\" style=\"margin:10px 0px;padding:0px;background:#F7F7F7;color:#666666;font-family:tahoma, arial, &quot;\">\r\n	<div class=\"detail-content-wrap\" style=\"margin:0px;padding:0px;background-color:#FFFFFF;\">\r\n		<div class=\"detail-content-item\" style=\"margin:0px;padding:0px;\">\r\n			<div id=\"activity_header\" style=\"margin:0px;padding:0px;\">\r\n			</div>\r\n			<div id=\"J-detail-content\" style=\"margin:0px;padding:0px;\">\r\n				<br />\r\n<img id=\"1\" alt=\"\" class=\"\" src=\"https://img30.360buyimg.com/popWaterMark/jfs/t12967/148/1250362317/281037/976b49e4/5a1d181fNd4b77fd1.jpg\" /><br />\r\n<img id=\"1\" alt=\"\" class=\"\" src=\"https://img30.360buyimg.com/popWaterMark/jfs/t13756/154/1207926121/107583/95742a1f/5a1d181dN889f2f19.jpg\" /><br />\r\n<img id=\"1\" alt=\"\" class=\"\" src=\"https://img30.360buyimg.com/popWaterMark/jfs/t13009/142/1209011977/242667/8bfdda3d/5a1d1820N17aac194.jpg\" /><br />\r\n<img id=\"1\" alt=\"\" class=\"\" src=\"https://img30.360buyimg.com/popWaterMark/jfs/t12853/158/1238582235/235479/c9ac923f/5a1d1820Nab00020d.jpg\" /><br />\r\n<img id=\"1\" alt=\"\" class=\"\" src=\"https://img30.360buyimg.com/popWaterMark/jfs/t12052/31/1233269016/330450/6cee362b/5a1d1823N09192454.jpg\" /><br />\r\n<img id=\"1\" alt=\"\" class=\"\" src=\"https://img30.360buyimg.com/popWaterMark/jfs/t13819/161/1235652135/286463/25cb5c75/5a1d1820Nc5de08e9.jpg\" /><br />\r\n<img id=\"1\" alt=\"\" class=\"\" src=\"https://img30.360buyimg.com/popWaterMark/jfs/t14053/138/1232524723/566662/210a51b1/5a1d17faNed07f9d3.jpg\" /><br />\r\n<img id=\"1\" alt=\"\" class=\"\" src=\"https://img30.360buyimg.com/popWaterMark/jfs/t12523/2/1220835640/322578/a464b543/5a1d181eN99009958.jpg\" /><br />\r\n<img id=\"1\" alt=\"\" class=\"\" src=\"https://img30.360buyimg.com/popWaterMark/jfs/t11353/147/2641469790/152503/fbd51626/5a1d1822N02895083.jpg\" />\r\n			</div>\r\n		</div>\r\n	</div>\r\n</div>','2018-01-19 11:36:48','2018-01-19 11:36:48'),(1474391958,'我的手机帮帮的&nbsp;','2018-01-21 17:55:28','2018-01-21 17:55:28'),(1474391959,'ZXCZXcZXcZXcZXc','2018-01-22 11:19:09','2018-01-22 11:19:09'),(1474391960,'<div id=\"activity_header\" style=\"margin:0px;padding:0px;color:#666666;font-family:tahoma, arial, &quot;background-color:#FFFFFF;\">\r\n	<div style=\"margin:0px;padding:0px;text-align:center;\">\r\n		<div class=\"user-phone-adds-banner\" style=\"margin:0px auto;padding:0px;\">\r\n			<ul class=\"user-top-banner\">\r\n				<li>\r\n					<a href=\"https://sale.jd.com/act/bR1rqzaQI2fP.html\" target=\"_blank\"><img width=\"250\" height=\"160\" alt=\"\" class=\"\" src=\"https://img20.360buyimg.com/cms/jfs/t19270/254/295118011/24329/df45f0b0/5a6985f1N4c7c484d.jpg\" /></a>\r\n				</li>\r\n				<li>\r\n					<a href=\"https://shouji.jd.com/\" target=\"_blank\"><img width=\"250\" height=\"160\" alt=\"\" class=\"\" src=\"https://img10.360buyimg.com/cms/jfs/t19192/243/292040536/21808/be8f4f96/5a6985f1Nba5fc955.jpg\" /></a>\r\n				</li>\r\n				<li>\r\n					<a href=\"https://sale.jd.com/act/akwtUDFIVxumG48.html\" target=\"_blank\"><img width=\"250\" height=\"160\" alt=\"\" class=\"\" src=\"https://img13.360buyimg.com/cms/jfs/t15061/119/2035150096/22683/e9b57ea7/5a6985f1N8939c02c.jpg\" /></a>\r\n				</li>\r\n			</ul>\r\n			<ul class=\"user-botton-banner\">\r\n				<li>\r\n					<a href=\"https://sale.jd.com/act/k1Apil0bIJQv4uS.html\" target=\"_blank\"><img width=\"188\" height=\"195\" alt=\"\" class=\"\" src=\"https://img20.360buyimg.com/cms/jfs/t17401/211/230161529/17744/2e3a7883/5a659b9eN2df2f029.jpg\" /></a>\r\n				</li>\r\n				<li>\r\n					<a href=\"https://sale.jd.com/act/WX2fhkEvletpdM.html\" target=\"_blank\"><img width=\"187\" height=\"195\" alt=\"\" class=\"\" src=\"https://img20.360buyimg.com/cms/jfs/t19402/275/259382834/18426/e14f7f7f/5a659b9eNe27bd56f.jpg\" /></a>\r\n				</li>\r\n				<li>\r\n					<a href=\"https://sale.jd.com/act/dGJ6jb7h3BDpwu.html\" target=\"_blank\"><img width=\"187\" height=\"195\" alt=\"\" class=\"\" src=\"https://img20.360buyimg.com/cms/jfs/t17452/274/234224037/17539/62498182/5a659b9eNba916841.jpg\" /></a>\r\n				</li>\r\n				<li>\r\n					<a href=\"https://sale.jd.com/act/oMHT5c7gAznJ.html\" target=\"_blank\"><img width=\"188\" height=\"195\" alt=\"\" class=\"\" src=\"https://img11.360buyimg.com/cms/jfs/t17449/65/241053406/16229/2352c784/5a659b9eNc13f1272.jpg\" /></a>\r\n				</li>\r\n			</ul>\r\n		</div>\r\n	</div>\r\n</div>\r\n<div id=\"J-detail-content\" style=\"margin:0px;padding:0px;color:#666666;font-family:tahoma, arial, &quot;background-color:#FFFFFF;\">\r\n	<div style=\"margin:0px;padding:0px;text-align:center;\">\r\n		<img alt=\"\" width=\"750\" height=\"875\" border=\"0\" class=\"\" src=\"https://img10.360buyimg.com/imgzone/jfs/t16024/139/1935192584/207899/8a918eff/5a66f226N1868b15a.jpg\" />\r\n	</div>\r\n	<div style=\"margin:0px;padding:0px;text-align:center;\">\r\n		<img alt=\"\" class=\"\" src=\"https://img30.360buyimg.com/jgsq-productsoa/jfs/t9724/59/1430591780/2138721/c72f6394/59e0726aN1edf23c4.jpg\" />\r\n	</div>\r\n</div>','2018-01-31 02:32:49','2018-01-31 02:32:49'),(1474391963,'我是一个老师','2018-02-09 00:50:54','2018-02-09 00:50:54'),(1474391970,'<div><p style=\'color:#ccc\'>121212</p></div>','2020-07-04 21:30:19','2020-07-04 21:34:41'),(1474391971,'<div><p style=\'color:#ccc\'>121212</p></div>','2020-07-16 14:23:52','2020-07-16 14:23:52');

/*Table structure for table `c2csystem_item_param` */

DROP TABLE IF EXISTS `c2csystem_item_param`;

CREATE TABLE `c2csystem_item_param` (
  `id` bigint(20) NOT NULL AUTO_INCREMENT,
  `item_cat_id` bigint(20) DEFAULT NULL COMMENT '商品类目ID',
  `param_data` text DEFAULT NULL COMMENT '参数数据，格式为json格式',
  `created` datetime DEFAULT NULL,
  `updated` datetime DEFAULT NULL,
  PRIMARY KEY (`id`),
  KEY `item_cat_id` (`item_cat_id`)
) ENGINE=InnoDB AUTO_INCREMENT=9 DEFAULT CHARSET=utf8 COMMENT='商品规则参数';

/*Data for the table `c2csystem_item_param` */

insert  into `c2csystem_item_param`(`id`,`item_cat_id`,`param_data`,`created`,`updated`) values (8,163,'[{\"group\":\"主体\",\"params\":[\"品牌\",\"颜色\"]},{\"group\":\"显示\",\"params\":[\"屏幕尺寸\"]},{\"group\":\"摄像功能\",\"params\":[\"前置摄像头\"]}]','2015-07-06 14:10:43','2015-07-06 14:10:43');

/*Table structure for table `c2csystem_item_param_item` */

DROP TABLE IF EXISTS `c2csystem_item_param_item`;

CREATE TABLE `c2csystem_item_param_item` (
  `id` bigint(20) NOT NULL AUTO_INCREMENT,
  `item_id` bigint(20) DEFAULT NULL COMMENT '商品ID',
  `param_data` text DEFAULT NULL COMMENT '参数数据，格式为json格式',
  `created` datetime DEFAULT NULL,
  `updated` datetime DEFAULT NULL,
  PRIMARY KEY (`id`),
  KEY `item_id` (`item_id`) USING BTREE
) ENGINE=InnoDB AUTO_INCREMENT=7 DEFAULT CHARSET=utf8 COMMENT='商品规格和商品的关系表';

/*Data for the table `c2csystem_item_param_item` */

insert  into `c2csystem_item_param_item`(`id`,`item_id`,`param_data`,`created`,`updated`) values (1,8,'[{\"group\":\"主体\",\"params\":[{\"k\":\"品牌\",\"v\":\"TCL3\"},{\"k\":\"颜色\",\"v\":\"白色2\"}]},{\"group\":\"显示\",\"params\":[{\"k\":\"屏幕尺寸\",\"v\":\"1003\"}]},{\"group\":\"摄像功能\",\"params\":[{\"k\":\"前置摄像头\",\"v\":\"无2\"}]}]','2015-03-03 09:25:02','2015-03-03 09:45:41'),(2,9,'[{\"group\":\"主体\",\"params\":[{\"k\":\"品牌\",\"v\":\"苹果（Apple）\"},{\"k\":\"型号\",\"v\":\"iPhone 6 A1586\"},{\"k\":\"颜色\",\"v\":\"金色\"},{\"k\":\"上市年份\",\"v\":\"2014年\"},{\"k\":\"上市月份\",\"v\":\"9月\"},{\"k\":\"输入方式\",\"v\":\"触控\"}]},{\"group\":\"网络\",\"params\":[{\"k\":\"4G网络制式\",\"v\":\"移动4G(TD-LTE)/联通4G(FDD-LTE)/电信4G(FDD-LTE)\"},{\"k\":\"3G网络制式\",\"v\":\"移动3G(TD-SCDMA)/联通3G(WCDMA)/电信3G（CDMA2000）\"},{\"k\":\"2G网络制式\",\"v\":\"移动2G/联通2G(GSM)/电信2G(CDMA)\"},{\"k\":\"网络频率\",\"v\":\"FDD-LTE/TD-LTE/WCDMA/TD-SCDMA/CDMA2000/GSM/CDMA\"}]},{\"group\":\"存储\",\"params\":[{\"k\":\"机身内存\",\"v\":\"16GB ROM\"},{\"k\":\"储存卡类型\",\"v\":\"不支持\"}]},{\"group\":\"娱乐功能\",\"params\":[{\"k\":\"音乐播放\",\"v\":\"AAC (8 至 320 Kbps)、Protected AAC (来自 iTunes Store)、HE-AAC、MP3 (8 至 320 Kbps)、MP3 VBR、Audible (格式 2、3、4，Audible Enhanced Audio、AAX 与 AAX+)、Apple Lossless、AIFF 与 WAV\"},{\"k\":\"视频播放\",\"v\":\"H.264 视频，最高可达 1080p，60 fps；High Profile level 4.2 和 AAC-LC 音频，最高可达 160 Kbps，48kHz；立体声音频，文件格式为 .m4v、.mp4 和 .mov；MPEG-4 视频，最高可达 2.5 Mbps，640 x 480 像素，30 fps；Simple Profile 和 AAC-LC 音频，每声道最高可达 160 Kbps，48kHz，立体声音频，文件格式为 .m4v, .mp4 和 .mov；Motion JPEG (M-JPEG)，最高可达 35 Mbps，1280 x 720 像素，30 fps；ulaw 音频和 PCM 立体声音频，文件格式为 .avi\"}]}]','2015-03-06 10:06:37','2015-03-07 09:45:35'),(3,1474391928,'[{\"group\":\"主体\",\"params\":[{\"k\":\"品牌\",\"v\":\"苹果\"},{\"k\":\"型号\",\"v\":\"无\"},{\"k\":\"颜色\",\"v\":\"白色\"},{\"k\":\"上市年份\",\"v\":\"无\"},{\"k\":\"上市月份\",\"v\":\"无\"},{\"k\":\"输入方式\",\"v\":\"无\"}]},{\"group\":\"网络\",\"params\":[{\"k\":\"4G网络制式\",\"v\":\"无\"},{\"k\":\"3G网络制式\",\"v\":\"无\"},{\"k\":\"2G网络制式\",\"v\":\"无\"},{\"k\":\"网络频率\",\"v\":\"无\"}]},{\"group\":\"存储\",\"params\":[{\"k\":\"机身内存\",\"v\":\"无\"},{\"k\":\"储存卡类型\",\"v\":\"无\"}]},{\"group\":\"娱乐功能\",\"params\":[{\"k\":\"音乐播放\",\"v\":\"无\"},{\"k\":\"视频播放\",\"v\":\"无\"}]}]','2015-03-12 16:12:02','2015-03-16 10:07:45'),(4,1474391942,'[]','2015-07-07 16:27:26','2015-07-07 23:41:48'),(5,1474391943,'[]','2015-07-08 09:29:14','2015-07-08 09:31:51'),(6,1474391944,'[]','2015-07-26 16:03:04','2015-08-11 20:01:37');

/*Table structure for table `c2csystem_order` */

DROP TABLE IF EXISTS `c2csystem_order`;

CREATE TABLE `c2csystem_order` (
  `order_id` varchar(50) COLLATE utf8_bin DEFAULT NULL COMMENT '订单id',
  `payment` varchar(50) COLLATE utf8_bin DEFAULT NULL COMMENT '实付金额。精确到2位小数;单位:元。如:200.07，表示:200元7分',
  `payment_type` int(2) DEFAULT NULL COMMENT '支付类型，1、在线支付，2、货到付款',
  `post_fee` varchar(50) COLLATE utf8_bin DEFAULT NULL COMMENT '邮费。精确到2位小数;单位:元。如:200.07，表示:200元7分',
  `status` int(10) DEFAULT NULL COMMENT '状态：1、未付款，2、已付款，3、未发货，4、已发货，5、交易成功，6、交易关闭',
  `created` datetime DEFAULT NULL COMMENT '订单创建时间',
  `updated` datetime DEFAULT NULL COMMENT '订单更新时间',
  `payment_time` datetime DEFAULT NULL COMMENT '付款时间',
  `consign_time` datetime DEFAULT NULL COMMENT '发货时间',
  `end_time` datetime DEFAULT NULL COMMENT '交易完成时间',
  `close_time` datetime DEFAULT NULL COMMENT '交易关闭时间',
  `shipping_name` varchar(20) COLLATE utf8_bin DEFAULT NULL COMMENT '物流名称',
  `shipping_code` varchar(20) COLLATE utf8_bin DEFAULT NULL COMMENT '物流单号',
  `user_id` bigint(20) DEFAULT NULL COMMENT '用户id',
  `buyer_message` varchar(100) COLLATE utf8_bin DEFAULT NULL COMMENT '买家留言',
  `buyer_nick` varchar(50) COLLATE utf8_bin DEFAULT NULL COMMENT '买家昵称',
  `buyer_rate` int(2) DEFAULT NULL COMMENT '买家是否已经评价',
  UNIQUE KEY `order_id` (`order_id`) USING BTREE,
  KEY `create_time` (`created`),
  KEY `buyer_nick` (`buyer_nick`),
  KEY `status` (`status`),
  KEY `payment_type` (`payment_type`)
) ENGINE=InnoDB DEFAULT CHARSET=utf8 COLLATE=utf8_bin;

/*Data for the table `c2csystem_order` */

insert  into `c2csystem_order`(`order_id`,`payment`,`payment_type`,`post_fee`,`status`,`created`,`updated`,`payment_time`,`consign_time`,`end_time`,`close_time`,`shipping_name`,`shipping_code`,`user_id`,`buyer_message`,`buyer_nick`,`buyer_rate`) values ('71518067277120','420462.00',1,NULL,6,'2018-02-08 13:21:17','2020-07-23 14:46:00',NULL,NULL,NULL,NULL,NULL,NULL,7,NULL,NULL,NULL),('71518067285130','420462.00',1,NULL,6,'2018-02-08 13:21:25','2020-07-23 14:46:00',NULL,NULL,NULL,NULL,NULL,NULL,7,NULL,NULL,NULL),('71518067319934','33552.00',1,NULL,6,'2018-02-08 13:21:59','2020-07-23 14:46:00',NULL,NULL,NULL,NULL,NULL,NULL,7,NULL,NULL,NULL),('71518067359942','33552.00',1,NULL,6,'2018-02-08 13:22:39','2020-07-23 14:46:00',NULL,NULL,NULL,NULL,NULL,NULL,7,NULL,NULL,NULL),('71518067503948','8388.00',1,NULL,6,'2018-02-08 13:25:04','2020-07-23 14:46:00',NULL,NULL,NULL,NULL,NULL,NULL,7,NULL,NULL,NULL),('71518067590138','8388.00',1,NULL,6,'2018-02-08 13:26:30','2020-07-23 14:46:00',NULL,NULL,NULL,NULL,NULL,NULL,7,NULL,NULL,NULL),('71518107865441','14995.00',1,NULL,6,'2018-02-09 00:37:47','2020-07-23 14:46:00',NULL,NULL,NULL,NULL,NULL,NULL,7,NULL,NULL,NULL),('71518107886471','17994.00',1,NULL,6,'2018-02-09 00:38:06','2020-07-23 14:46:00',NULL,NULL,NULL,NULL,NULL,NULL,7,NULL,NULL,NULL),('71518108403063','3980.00',1,NULL,6,'2018-02-09 00:46:43','2020-07-23 14:46:00',NULL,NULL,NULL,NULL,NULL,NULL,7,NULL,NULL,NULL),('71518108868228','4999995.00',1,NULL,6,'2018-02-09 00:54:28','2020-07-23 14:46:00',NULL,NULL,NULL,NULL,NULL,NULL,7,NULL,NULL,NULL),('71518144668881','128970.00',1,NULL,6,'2018-02-09 10:51:09','2020-07-23 14:46:00',NULL,NULL,NULL,NULL,NULL,NULL,7,NULL,NULL,NULL),('71518144745138','300930.00',1,NULL,6,'2018-02-09 10:52:25','2020-07-23 14:46:00',NULL,NULL,NULL,NULL,NULL,NULL,7,NULL,NULL,NULL),('111595399967067','20',1,'11',6,'2020-07-22 14:39:27','2020-07-23 14:46:00',NULL,NULL,NULL,NULL,'哈哈物流','2121121',11,'尽快发货','大佬',1),('111595402271936','20',1,'11',6,'2020-07-22 15:17:51','2020-07-23 14:46:00',NULL,NULL,NULL,NULL,'哈哈物流','2121121',11,'尽快发货','大佬',1),('111595402617243','20',1,'11',6,'2020-07-22 15:23:37','2020-07-23 14:46:00',NULL,NULL,NULL,NULL,'哈哈物流','2121121',11,'尽快发货','大佬',1),('111595403157626','20',1,'11',6,'2020-07-22 15:32:37','2020-07-23 14:46:00',NULL,NULL,NULL,NULL,'哈哈物流','2121121',11,'尽快发货','大佬',1),('111595403193985','20',1,'11',6,'2020-07-22 15:33:13','2020-07-23 14:46:00',NULL,NULL,NULL,NULL,'哈哈物流','2121121',11,'尽快发货','大佬',1),('111595403247643','20',1,'11',6,'2020-07-22 15:34:07','2020-07-23 14:46:00',NULL,NULL,NULL,NULL,'哈哈物流','2121121',11,'尽快发货','大佬',1);

/*Table structure for table `c2csystem_order_item` */

DROP TABLE IF EXISTS `c2csystem_order_item`;

CREATE TABLE `c2csystem_order_item` (
  `item_id` varchar(50) COLLATE utf8_bin DEFAULT NULL COMMENT '商品id',
  `order_id` varchar(50) COLLATE utf8_bin DEFAULT NULL COMMENT '订单id',
  `num` int(10) DEFAULT NULL COMMENT '商品购买数量',
  `title` varchar(200) COLLATE utf8_bin DEFAULT NULL COMMENT '商品标题',
  `price` bigint(50) DEFAULT NULL COMMENT '商品单价',
  `total_fee` bigint(50) DEFAULT NULL COMMENT '商品总金额',
  `pic_path` varchar(200) COLLATE utf8_bin DEFAULT NULL COMMENT '商品图片地址',
  `created` datetime DEFAULT NULL,
  `updated` datetime DEFAULT NULL,
  KEY `order_id` (`order_id`)
) ENGINE=InnoDB DEFAULT CHARSET=utf8 COLLATE=utf8_bin;

/*Data for the table `c2csystem_order_item` */

insert  into `c2csystem_order_item`(`item_id`,`order_id`,`num`,`title`,`price`,`total_fee`,`pic_path`,`created`,`updated`) values ('562379','71518020863347',5,'三星 W999 黑色 电信3G手机 双卡双待双通',4299000,21495000,'http://image.c2csystem.com/jd/d2ac340e728d4c6181e763e772a9944a.jpg','2018-02-08 00:27:43','2018-02-08 00:27:43'),('1474391960','71518020863347',1,'Apple iPhone X (A1865) 64GB 深空灰色 移动联通电信4G手机',838800,838800,'http://image.c2c-system.com/2018/01/31/02/151733710158920959df2e82N1f855465 (1).jpg','2018-02-08 00:27:43','2018-02-08 00:27:43'),('562379','71518067277120',9,'三星 W999 黑色 电信3G手机 双卡双待双通',4299000,38691000,'http://image.c2csystem.com/jd/d2ac340e728d4c6181e763e772a9944a.jpg','2018-02-08 13:21:17','2018-02-08 13:21:17'),('1474391960','71518067277120',4,'Apple iPhone X (A1865) 64GB 深空灰色 移动联通电信4G手机',838800,3355200,'http://image.c2c-system.com/2018/01/31/02/151733710158920959df2e82N1f855465 (1).jpg','2018-02-08 13:21:17','2018-02-08 13:21:17'),('562379','71518067285130',9,'三星 W999 黑色 电信3G手机 双卡双待双通',4299000,38691000,'http://image.c2csystem.com/jd/d2ac340e728d4c6181e763e772a9944a.jpg','2018-02-08 13:21:25','2018-02-08 13:21:25'),('1474391960','71518067285130',4,'Apple iPhone X (A1865) 64GB 深空灰色 移动联通电信4G手机',838800,3355200,'http://image.c2c-system.com/2018/01/31/02/151733710158920959df2e82N1f855465 (1).jpg','2018-02-08 13:21:25','2018-02-08 13:21:25'),('1474391960','71518067319934',4,'Apple iPhone X (A1865) 64GB 深空灰色 移动联通电信4G手机',838800,3355200,'http://image.c2c-system.com/2018/01/31/02/151733710158920959df2e82N1f855465 (1).jpg','2018-02-08 13:21:59','2018-02-08 13:21:59'),('1474391960','71518067359942',4,'Apple iPhone X (A1865) 64GB 深空灰色 移动联通电信4G手机',838800,3355200,'http://image.c2c-system.com/2018/01/31/02/151733710158920959df2e82N1f855465 (1).jpg','2018-02-08 13:22:39','2018-02-08 13:22:39'),('1474391960','71518067503948',1,'Apple iPhone X (A1865) 64GB 深空灰色 移动联通电信4G手机',838800,838800,'http://image.c2c-system.com/2018/01/31/02/151733710158920959df2e82N1f855465 (1).jpg','2018-02-08 13:25:04','2018-02-08 13:25:04'),('1474391960','71518067590138',1,'Apple iPhone X (A1865) 64GB 深空灰色 移动联通电信4G手机',838800,838800,'http://image.c2c-system.com/2018/01/31/02/151733710158920959df2e82N1f855465 (1).jpg','2018-02-08 13:26:30','2018-02-08 13:26:30'),('1474391959','71518107865441',5,'华为',299900,1499500,'http://image.c2c-system.com/2018/01/22/10/1516589282104725a0aa9abNde6ea381.jpg','2018-02-09 00:37:47','2018-02-09 00:37:47'),('1474391959','71518107886471',6,'华为',299900,1799400,'http://image.c2c-system.com/2018/01/22/10/1516589282104725a0aa9abNde6ea381.jpg','2018-02-09 00:38:06','2018-02-09 00:38:06'),('967021','71518108403063',2,'TCL 老人手机 (i310) 暗夜黑 移动联通2G手机',199000,398000,'http://image.c2csystem.com/jd/67eb54bcdbc949ecaa32cbd725a223b6.jpg','2018-02-09 00:46:43','2018-02-09 00:46:43'),('562379','71518144668881',3,'三星 W999 黑色 电信3G手机 双卡双待双通',4299000,12897000,'http://image.c2csystem.com/jd/d2ac340e728d4c6181e763e772a9944a.jpg',NULL,NULL),('562379','71518144745138',7,'三星 W999 黑色 电信3G手机 双卡双待双通',4299000,30093000,'http://image.c2csystem.com/jd/d2ac340e728d4c6181e763e772a9944a.jpg',NULL,NULL),('1474391971','111595399967067',1,'a',1,1,'http://image.c2c-system.com/2020/07/16/3fb5d987-31a8-4096-8e00-d3f520fb615f.jpg','2020-07-22 14:39:27','2020-07-22 14:39:27'),('1474391971','111595402271936',1,'a',1,1,'http://image.c2c-system.com/2020/07/16/3fb5d987-31a8-4096-8e00-d3f520fb615f.jpg','2020-07-22 15:17:51','2020-07-22 15:17:51'),('1474391971','111595402617243',1,'a',1,1,'http://image.c2c-system.com/2020/07/16/3fb5d987-31a8-4096-8e00-d3f520fb615f.jpg','2020-07-22 15:23:37','2020-07-22 15:23:37'),('1474391971','111595403157626',1,'a',1,1,'http://image.c2c-system.com/2020/07/16/3fb5d987-31a8-4096-8e00-d3f520fb615f.jpg','2020-07-22 15:32:37','2020-07-22 15:32:37'),('1474391971','111595403193985',1,'a',1,1,'http://image.c2c-system.com/2020/07/16/3fb5d987-31a8-4096-8e00-d3f520fb615f.jpg','2020-07-22 15:33:13','2020-07-22 15:33:13'),('1474391971','111595403247643',1,'a',1,1,'http://image.c2c-system.com/2020/07/16/3fb5d987-31a8-4096-8e00-d3f520fb615f.jpg','2020-07-22 15:34:07','2020-07-22 15:34:07');

/*Table structure for table `c2csystem_order_shipping` */

DROP TABLE IF EXISTS `c2csystem_order_shipping`;

CREATE TABLE `c2csystem_order_shipping` (
  `order_id` varchar(50) NOT NULL COMMENT '订单ID',
  `receiver_name` varchar(20) DEFAULT NULL COMMENT '收货人全名',
  `receiver_phone` varchar(20) DEFAULT NULL COMMENT '固定电话',
  `receiver_mobile` varchar(30) DEFAULT NULL COMMENT '移动电话',
  `receiver_state` varchar(10) DEFAULT NULL COMMENT '省份',
  `receiver_city` varchar(10) DEFAULT NULL COMMENT '城市',
  `receiver_district` varchar(20) DEFAULT NULL COMMENT '区/县',
  `receiver_address` varchar(200) DEFAULT NULL COMMENT '收货地址，如：xx路xx号',
  `receiver_zip` varchar(6) DEFAULT NULL COMMENT '邮政编码,如：310001',
  `created` datetime DEFAULT NULL,
  `updated` datetime DEFAULT NULL,
  PRIMARY KEY (`order_id`)
) ENGINE=InnoDB DEFAULT CHARSET=utf8;

/*Data for the table `c2csystem_order_shipping` */

insert  into `c2csystem_order_shipping`(`order_id`,`receiver_name`,`receiver_phone`,`receiver_mobile`,`receiver_state`,`receiver_city`,`receiver_district`,`receiver_address`,`receiver_zip`,`created`,`updated`) values ('111595403247643','李四','62332129','1232424343','1','1','1','和平路19号','12112','2020-07-22 15:34:07','2020-07-22 15:34:07');

/*Table structure for table `c2csystem_user` */

DROP TABLE IF EXISTS `c2csystem_user`;

CREATE TABLE `c2csystem_user` (
  `id` bigint(20) NOT NULL AUTO_INCREMENT,
  `username` varchar(50) DEFAULT NULL,
  `password` varchar(32) DEFAULT NULL COMMENT 'MD5加密',
  `phone` varchar(20) DEFAULT NULL,
  `email` varchar(50) DEFAULT NULL,
  `created` datetime DEFAULT NULL,
  `updated` datetime DEFAULT NULL,
  PRIMARY KEY (`id`),
  UNIQUE KEY `username` (`username`),
  UNIQUE KEY `phone` (`phone`),
  UNIQUE KEY `email` (`email`)
) ENGINE=InnoDB AUTO_INCREMENT=12 DEFAULT CHARSET=utf8;

/*Data for the table `c2csystem_user` */

insert  into `c2csystem_user`(`id`,`username`,`password`,`phone`,`email`,`created`,`updated`) values (1,'tony','e10adc3949ba59abbe56e057f20f883e','12987828382','tony@263.com',NULL,NULL),(7,'admin123','a66abb5684c45962d887564f08346e8d','17600336886','17600336886','2018-01-14 18:06:26','2018-01-14 18:06:26'),(8,'l','a66abb5684c45962d887564f08346e8d','17777846522','17777846522','2018-01-21 19:16:11','2018-01-21 19:16:11'),(11,'q','c4ca4238a0b923820dcc509a6f75849b','1','1','2020-07-20 12:11:27','2020-07-20 12:11:27');


/*!40101 SET SQL_MODE=@OLD_SQL_MODE */;
/*!40014 SET FOREIGN_KEY_CHECKS=@OLD_FOREIGN_KEY_CHECKS */;
/*!40014 SET UNIQUE_CHECKS=@OLD_UNIQUE_CHECKS */;
/*!40111 SET SQL_NOTES=@OLD_SQL_NOTES */;
